ISO-10303-21;
HEADER;
FILE_DESCRIPTION(('FreeCAD Model'),'2;1');
FILE_NAME('Open CASCADE Shape Model','2026-08-28T10:00:22',('FreeCAD'),(
    'FreeCAD'),'Open CASCADE STEP processor 7.8','FreeCAD','Unknown');
FILE_SCHEMA(('AUTOMOTIVE_DESIGN { 1 0 10303 214 1 1 1 1 }'));
ENDSEC;
DATA;
#1 = APPLICATION_PROTOCOL_DEFINITION('international standard',
  'automotive_design',2000,#2);
#2 = APPLICATION_CONTEXT(
  'core data for automotive mechanical design processes');
#3 = SHAPE_DEFINITION_REPRESENTATION(#4,#10);
#4 = PRODUCT_DEFINITION_SHAPE('','',#5);
#5 = PRODUCT_DEFINITION('design','',#6,#9);
#6 = PRODUCT_DEFINITION_FORMATION('','',#7);
#7 = PRODUCT('Open CASCADE STEP translator 7.8 1',
  'Open CASCADE STEP translator 7.8 1','',(#8));
#8 = PRODUCT_CONTEXT('',#2,'mechanical');
#9 = PRODUCT_DEFINITION_CONTEXT('part definition',#2,'design');
#10 = ADVANCED_BREP_SHAPE_REPRESENTATION('',(#11,#15),#4975);
#11 = AXIS2_PLACEMENT_3D('',#12,#13,#14);
#12 = CARTESIAN_POINT('',(0.,0.,0.));
#13 = DIRECTION('',(0.,0.,1.));
#14 = DIRECTION('',(1.,0.,-0.));
#15 = MANIFOLD_SOLID_BREP('',#16);
#16 = CLOSED_SHELL('',(#17,#59,#92,#134,#208,#233,#258,#290,#322,#362,
    #413,#464,#481,#512,#536,#560,#577,#607,#632,#655,#679,#704,#763,
    #774,#799,#842,#877,#1305,#1374,#1390,#1407,#1432,#1457,#1531,#1564,
    #1589,#1613,#1629,#1662,#1687,#1707,#1724,#1749,#1781,#1855,#1872,
    #1917,#1951,#2020,#2048,#2073,#2098,#2129,#2153,#2237,#2261,#2285,
    #2309,#2333,#2357,#2381,#2465,#2489,#2506,#2537,#2561,#2585,#2602,
    #2627,#2658,#2682,#2706,#2723,#2754,#2778,#2802,#2819,#2850,#2874,
    #2916,#2940,#2964,#2988,#3012,#3047,#3072,#3103,#3127,#3151,#3168,
    #3179,#3199,#3224,#3266,#3283,#3314,#3338,#3362,#3379,#3527,#3550,
    #3580,#3596,#3607,#3630,#3695,#3711,#3736,#3754,#3765,#3782,#3804,
    #3821,#3838,#3850,#3870,#3886,#3903,#3914,#3934,#3954,#3974,#3990,
    #4005,#4027,#4044,#4061,#4081,#4097,#4112,#4132,#4152,#4167,#4187,
    #4202,#4222,#4242,#4267,#4285,#4301,#4325,#4341,#4364,#4388,#4417,
    #4446,#4468,#4490,#4508,#4519,#4530,#4539,#4564,#4589,#4614,#4639,
    #4651,#4676,#4701,#4726,#4751,#4776,#4801,#4810,#4826,#4842,#4859,
    #4876,#4893,#4910,#4921,#4930,#4939,#4948,#4957,#4966));
#17 = ADVANCED_FACE('',(#18),#54,.T.);
#18 = FACE_BOUND('',#19,.T.);
#19 = EDGE_LOOP('',(#20,#30,#39,#47));
#20 = ORIENTED_EDGE('',*,*,#21,.F.);
#21 = EDGE_CURVE('',#22,#24,#26,.T.);
#22 = VERTEX_POINT('',#23);
#23 = CARTESIAN_POINT('',(4.,0.,34.));
#24 = VERTEX_POINT('',#25);
#25 = CARTESIAN_POINT('',(4.,2.483398951148,34.));
#26 = LINE('',#27,#28);
#27 = CARTESIAN_POINT('',(4.,0.,34.));
#28 = VECTOR('',#29,1.);
#29 = DIRECTION('',(-0.,1.,0.));
#30 = ORIENTED_EDGE('',*,*,#31,.T.);
#31 = EDGE_CURVE('',#22,#32,#34,.T.);
#32 = VERTEX_POINT('',#33);
#33 = CARTESIAN_POINT('',(7.666060555965,2.4,34.));
#34 = CIRCLE('',#35,4.);
#35 = AXIS2_PLACEMENT_3D('',#36,#37,#38);
#36 = CARTESIAN_POINT('',(4.,4.,34.));
#37 = DIRECTION('',(0.,0.,1.));
#38 = DIRECTION('',(1.,0.,-0.));
#39 = ORIENTED_EDGE('',*,*,#40,.T.);
#40 = EDGE_CURVE('',#32,#41,#43,.T.);
#41 = VERTEX_POINT('',#42);
#42 = CARTESIAN_POINT('',(4.6,2.4,34.));
#43 = LINE('',#44,#45);
#44 = CARTESIAN_POINT('',(4.3,2.4,34.));
#45 = VECTOR('',#46,1.);
#46 = DIRECTION('',(-1.,-0.,0.));
#47 = ORIENTED_EDGE('',*,*,#48,.F.);
#48 = EDGE_CURVE('',#24,#41,#49,.T.);
#49 = CIRCLE('',#50,2.2);
#50 = AXIS2_PLACEMENT_3D('',#51,#52,#53);
#51 = CARTESIAN_POINT('',(4.6,4.6,34.));
#52 = DIRECTION('',(0.,0.,1.));
#53 = DIRECTION('',(1.,0.,-0.));
#54 = PLANE('',#55);
#55 = AXIS2_PLACEMENT_3D('',#56,#57,#58);
#56 = CARTESIAN_POINT('',(4.,0.,34.));
#57 = DIRECTION('',(0.,0.,1.));
#58 = DIRECTION('',(1.,0.,-0.));
#59 = ADVANCED_FACE('',(#60),#87,.T.);
#60 = FACE_BOUND('',#61,.T.);
#61 = EDGE_LOOP('',(#62,#72,#79,#80));
#62 = ORIENTED_EDGE('',*,*,#63,.F.);
#63 = EDGE_CURVE('',#64,#66,#68,.T.);
#64 = VERTEX_POINT('',#65);
#65 = CARTESIAN_POINT('',(0.,4.,34.));
#66 = VERTEX_POINT('',#67);
#67 = CARTESIAN_POINT('',(2.483398951148,4.,34.));
#68 = LINE('',#69,#70);
#69 = CARTESIAN_POINT('',(0.,4.,34.));
#70 = VECTOR('',#71,1.);
#71 = DIRECTION('',(1.,0.,-0.));
#72 = ORIENTED_EDGE('',*,*,#73,.T.);
#73 = EDGE_CURVE('',#64,#22,#74,.T.);
#74 = CIRCLE('',#75,4.);
#75 = AXIS2_PLACEMENT_3D('',#76,#77,#78);
#76 = CARTESIAN_POINT('',(4.,4.,34.));
#77 = DIRECTION('',(0.,0.,1.));
#78 = DIRECTION('',(1.,0.,-0.));
#79 = ORIENTED_EDGE('',*,*,#21,.T.);
#80 = ORIENTED_EDGE('',*,*,#81,.F.);
#81 = EDGE_CURVE('',#66,#24,#82,.T.);
#82 = CIRCLE('',#83,2.2);
#83 = AXIS2_PLACEMENT_3D('',#84,#85,#86);
#84 = CARTESIAN_POINT('',(4.6,4.6,34.));
#85 = DIRECTION('',(0.,0.,1.));
#86 = DIRECTION('',(1.,0.,-0.));
#87 = PLANE('',#88);
#88 = AXIS2_PLACEMENT_3D('',#89,#90,#91);
#89 = CARTESIAN_POINT('',(4.,4.,34.));
#90 = DIRECTION('',(0.,0.,1.));
#91 = DIRECTION('',(1.,0.,-0.));
#92 = ADVANCED_FACE('',(#93),#129,.F.);
#93 = FACE_BOUND('',#94,.F.);
#94 = EDGE_LOOP('',(#95,#104,#112,#121,#127,#128));
#95 = ORIENTED_EDGE('',*,*,#96,.F.);
#96 = EDGE_CURVE('',#97,#66,#99,.T.);
#97 = VERTEX_POINT('',#98);
#98 = CARTESIAN_POINT('',(2.4,4.6,34.));
#99 = CIRCLE('',#100,2.2);
#100 = AXIS2_PLACEMENT_3D('',#101,#102,#103);
#101 = CARTESIAN_POINT('',(4.6,4.6,34.));
#102 = DIRECTION('',(0.,0.,1.));
#103 = DIRECTION('',(1.,0.,-0.));
#104 = ORIENTED_EDGE('',*,*,#105,.F.);
#105 = EDGE_CURVE('',#106,#97,#108,.T.);
#106 = VERTEX_POINT('',#107);
#107 = CARTESIAN_POINT('',(2.4,4.6,2.4));
#108 = LINE('',#109,#110);
#109 = CARTESIAN_POINT('',(2.4,4.6,2.4));
#110 = VECTOR('',#111,1.);
#111 = DIRECTION('',(0.,0.,1.));
#112 = ORIENTED_EDGE('',*,*,#113,.T.);
#113 = EDGE_CURVE('',#106,#114,#116,.T.);
#114 = VERTEX_POINT('',#115);
#115 = CARTESIAN_POINT('',(4.6,2.4,2.4));
#116 = CIRCLE('',#117,2.2);
#117 = AXIS2_PLACEMENT_3D('',#118,#119,#120);
#118 = CARTESIAN_POINT('',(4.6,4.6,2.4));
#119 = DIRECTION('',(0.,0.,1.));
#120 = DIRECTION('',(1.,0.,-0.));
#121 = ORIENTED_EDGE('',*,*,#122,.T.);
#122 = EDGE_CURVE('',#114,#41,#123,.T.);
#123 = LINE('',#124,#125);
#124 = CARTESIAN_POINT('',(4.6,2.4,2.4));
#125 = VECTOR('',#126,1.);
#126 = DIRECTION('',(0.,0.,1.));
#127 = ORIENTED_EDGE('',*,*,#48,.F.);
#128 = ORIENTED_EDGE('',*,*,#81,.F.);
#129 = CYLINDRICAL_SURFACE('',#130,2.2);
#130 = AXIS2_PLACEMENT_3D('',#131,#132,#133);
#131 = CARTESIAN_POINT('',(4.6,4.6,2.4));
#132 = DIRECTION('',(0.,0.,1.));
#133 = DIRECTION('',(1.,0.,-0.));
#134 = ADVANCED_FACE('',(#135,#169),#203,.T.);
#135 = FACE_BOUND('',#136,.T.);
#136 = EDGE_LOOP('',(#137,#145,#146,#147,#155,#163));
#137 = ORIENTED_EDGE('',*,*,#138,.F.);
#138 = EDGE_CURVE('',#114,#139,#141,.T.);
#139 = VERTEX_POINT('',#140);
#140 = CARTESIAN_POINT('',(99.4,2.4,2.4));
#141 = LINE('',#142,#143);
#142 = CARTESIAN_POINT('',(4.6,2.4,2.4));
#143 = VECTOR('',#144,1.);
#144 = DIRECTION('',(1.,0.,-0.));
#145 = ORIENTED_EDGE('',*,*,#122,.T.);
#146 = ORIENTED_EDGE('',*,*,#40,.F.);
#147 = ORIENTED_EDGE('',*,*,#148,.F.);
#148 = EDGE_CURVE('',#149,#32,#151,.T.);
#149 = VERTEX_POINT('',#150);
#150 = CARTESIAN_POINT('',(96.333939444035,2.4,34.));
#151 = LINE('',#152,#153);
#152 = CARTESIAN_POINT('',(4.3,2.4,34.));
#153 = VECTOR('',#154,1.);
#154 = DIRECTION('',(-1.,-0.,0.));
#155 = ORIENTED_EDGE('',*,*,#156,.F.);
#156 = EDGE_CURVE('',#157,#149,#159,.T.);
#157 = VERTEX_POINT('',#158);
#158 = CARTESIAN_POINT('',(99.4,2.4,34.));
#159 = LINE('',#160,#161);
#160 = CARTESIAN_POINT('',(4.3,2.4,34.));
#161 = VECTOR('',#162,1.);
#162 = DIRECTION('',(-1.,-0.,0.));
#163 = ORIENTED_EDGE('',*,*,#164,.F.);
#164 = EDGE_CURVE('',#139,#157,#165,.T.);
#165 = LINE('',#166,#167);
#166 = CARTESIAN_POINT('',(99.4,2.4,2.4));
#167 = VECTOR('',#168,1.);
#168 = DIRECTION('',(0.,0.,1.));
#169 = FACE_BOUND('',#170,.T.);
#170 = EDGE_LOOP('',(#171,#181,#189,#197));
#171 = ORIENTED_EDGE('',*,*,#172,.F.);
#172 = EDGE_CURVE('',#173,#175,#177,.T.);
#173 = VERTEX_POINT('',#174);
#174 = CARTESIAN_POINT('',(16.,2.4,24.));
#175 = VERTEX_POINT('',#176);
#176 = CARTESIAN_POINT('',(74.,2.4,24.));
#177 = LINE('',#178,#179);
#178 = CARTESIAN_POINT('',(10.3,2.4,24.));
#179 = VECTOR('',#180,1.);
#180 = DIRECTION('',(1.,0.,-0.));
#181 = ORIENTED_EDGE('',*,*,#182,.T.);
#182 = EDGE_CURVE('',#173,#183,#185,.T.);
#183 = VERTEX_POINT('',#184);
#184 = CARTESIAN_POINT('',(16.,2.4,7.));
#185 = LINE('',#186,#187);
#186 = CARTESIAN_POINT('',(16.,2.4,4.7));
#187 = VECTOR('',#188,1.);
#188 = DIRECTION('',(-0.,0.,-1.));
#189 = ORIENTED_EDGE('',*,*,#190,.T.);
#190 = EDGE_CURVE('',#183,#191,#193,.T.);
#191 = VERTEX_POINT('',#192);
#192 = CARTESIAN_POINT('',(74.,2.4,7.));
#193 = LINE('',#194,#195);
#194 = CARTESIAN_POINT('',(10.3,2.4,7.));
#195 = VECTOR('',#196,1.);
#196 = DIRECTION('',(1.,0.,-0.));
#197 = ORIENTED_EDGE('',*,*,#198,.F.);
#198 = EDGE_CURVE('',#175,#191,#199,.T.);
#199 = LINE('',#200,#201);
#200 = CARTESIAN_POINT('',(74.,2.4,4.7));
#201 = VECTOR('',#202,1.);
#202 = DIRECTION('',(-0.,0.,-1.));
#203 = PLANE('',#204);
#204 = AXIS2_PLACEMENT_3D('',#205,#206,#207);
#205 = CARTESIAN_POINT('',(4.6,2.4,2.4));
#206 = DIRECTION('',(-0.,1.,0.));
#207 = DIRECTION('',(0.,0.,1.));
#208 = ADVANCED_FACE('',(#209),#228,.T.);
#209 = FACE_BOUND('',#210,.T.);
#210 = EDGE_LOOP('',(#211,#212,#220,#227));
#211 = ORIENTED_EDGE('',*,*,#31,.F.);
#212 = ORIENTED_EDGE('',*,*,#213,.T.);
#213 = EDGE_CURVE('',#22,#214,#216,.T.);
#214 = VERTEX_POINT('',#215);
#215 = CARTESIAN_POINT('',(100.,0.,34.));
#216 = LINE('',#217,#218);
#217 = CARTESIAN_POINT('',(4.,0.,34.));
#218 = VECTOR('',#219,1.);
#219 = DIRECTION('',(1.,0.,-0.));
#220 = ORIENTED_EDGE('',*,*,#221,.F.);
#221 = EDGE_CURVE('',#149,#214,#222,.T.);
#222 = CIRCLE('',#223,4.);
#223 = AXIS2_PLACEMENT_3D('',#224,#225,#226);
#224 = CARTESIAN_POINT('',(100.,4.,34.));
#225 = DIRECTION('',(0.,0.,1.));
#226 = DIRECTION('',(1.,0.,-0.));
#227 = ORIENTED_EDGE('',*,*,#148,.T.);
#228 = PLANE('',#229);
#229 = AXIS2_PLACEMENT_3D('',#230,#231,#232);
#230 = CARTESIAN_POINT('',(4.,0.,34.));
#231 = DIRECTION('',(0.,0.,1.));
#232 = DIRECTION('',(1.,0.,-0.));
#233 = ADVANCED_FACE('',(#234),#253,.T.);
#234 = FACE_BOUND('',#235,.T.);
#235 = EDGE_LOOP('',(#236,#244,#251,#252));
#236 = ORIENTED_EDGE('',*,*,#237,.T.);
#237 = EDGE_CURVE('',#97,#238,#240,.T.);
#238 = VERTEX_POINT('',#239);
#239 = CARTESIAN_POINT('',(2.4,7.666060555965,34.));
#240 = LINE('',#241,#242);
#241 = CARTESIAN_POINT('',(2.4,4.3,34.));
#242 = VECTOR('',#243,1.);
#243 = DIRECTION('',(-0.,1.,0.));
#244 = ORIENTED_EDGE('',*,*,#245,.T.);
#245 = EDGE_CURVE('',#238,#64,#246,.T.);
#246 = CIRCLE('',#247,4.);
#247 = AXIS2_PLACEMENT_3D('',#248,#249,#250);
#248 = CARTESIAN_POINT('',(4.,4.,34.));
#249 = DIRECTION('',(0.,0.,1.));
#250 = DIRECTION('',(1.,0.,-0.));
#251 = ORIENTED_EDGE('',*,*,#63,.T.);
#252 = ORIENTED_EDGE('',*,*,#96,.F.);
#253 = PLANE('',#254);
#254 = AXIS2_PLACEMENT_3D('',#255,#256,#257);
#255 = CARTESIAN_POINT('',(0.,4.,34.));
#256 = DIRECTION('',(0.,0.,1.));
#257 = DIRECTION('',(1.,0.,-0.));
#258 = ADVANCED_FACE('',(#259),#285,.T.);
#259 = FACE_BOUND('',#260,.T.);
#260 = EDGE_LOOP('',(#261,#262,#270,#279));
#261 = ORIENTED_EDGE('',*,*,#73,.F.);
#262 = ORIENTED_EDGE('',*,*,#263,.F.);
#263 = EDGE_CURVE('',#264,#64,#266,.T.);
#264 = VERTEX_POINT('',#265);
#265 = CARTESIAN_POINT('',(0.,4.,0.));
#266 = LINE('',#267,#268);
#267 = CARTESIAN_POINT('',(0.,4.,0.));
#268 = VECTOR('',#269,1.);
#269 = DIRECTION('',(0.,0.,1.));
#270 = ORIENTED_EDGE('',*,*,#271,.T.);
#271 = EDGE_CURVE('',#264,#272,#274,.T.);
#272 = VERTEX_POINT('',#273);
#273 = CARTESIAN_POINT('',(4.,0.,0.));
#274 = CIRCLE('',#275,4.);
#275 = AXIS2_PLACEMENT_3D('',#276,#277,#278);
#276 = CARTESIAN_POINT('',(4.,4.,0.));
#277 = DIRECTION('',(0.,0.,1.));
#278 = DIRECTION('',(1.,0.,-0.));
#279 = ORIENTED_EDGE('',*,*,#280,.T.);
#280 = EDGE_CURVE('',#272,#22,#281,.T.);
#281 = LINE('',#282,#283);
#282 = CARTESIAN_POINT('',(4.,0.,0.));
#283 = VECTOR('',#284,1.);
#284 = DIRECTION('',(0.,0.,1.));
#285 = CYLINDRICAL_SURFACE('',#286,4.);
#286 = AXIS2_PLACEMENT_3D('',#287,#288,#289);
#287 = CARTESIAN_POINT('',(4.,4.,0.));
#288 = DIRECTION('',(0.,0.,1.));
#289 = DIRECTION('',(1.,0.,-0.));
#290 = ADVANCED_FACE('',(#291),#317,.T.);
#291 = FACE_BOUND('',#292,.T.);
#292 = EDGE_LOOP('',(#293,#301,#302,#310));
#293 = ORIENTED_EDGE('',*,*,#294,.F.);
#294 = EDGE_CURVE('',#106,#295,#297,.T.);
#295 = VERTEX_POINT('',#296);
#296 = CARTESIAN_POINT('',(3.553262412077,4.6,2.4));
#297 = LINE('',#298,#299);
#298 = CARTESIAN_POINT('',(2.4,4.6,2.4));
#299 = VECTOR('',#300,1.);
#300 = DIRECTION('',(1.,0.,-0.));
#301 = ORIENTED_EDGE('',*,*,#113,.T.);
#302 = ORIENTED_EDGE('',*,*,#303,.T.);
#303 = EDGE_CURVE('',#114,#304,#306,.T.);
#304 = VERTEX_POINT('',#305);
#305 = CARTESIAN_POINT('',(4.6,3.553262412077,2.4));
#306 = LINE('',#307,#308);
#307 = CARTESIAN_POINT('',(4.6,2.4,2.4));
#308 = VECTOR('',#309,1.);
#309 = DIRECTION('',(-0.,1.,0.));
#310 = ORIENTED_EDGE('',*,*,#311,.F.);
#311 = EDGE_CURVE('',#295,#304,#312,.T.);
#312 = CIRCLE('',#313,4.2);
#313 = AXIS2_PLACEMENT_3D('',#314,#315,#316);
#314 = CARTESIAN_POINT('',(7.,7.,2.4));
#315 = DIRECTION('',(0.,0.,1.));
#316 = DIRECTION('',(1.,0.,-0.));
#317 = PLANE('',#318);
#318 = AXIS2_PLACEMENT_3D('',#319,#320,#321);
#319 = CARTESIAN_POINT('',(4.6,4.6,2.4));
#320 = DIRECTION('',(0.,0.,1.));
#321 = DIRECTION('',(1.,0.,-0.));
#322 = ADVANCED_FACE('',(#323),#357,.T.);
#323 = FACE_BOUND('',#324,.T.);
#324 = EDGE_LOOP('',(#325,#326,#334,#342,#350,#356));
#325 = ORIENTED_EDGE('',*,*,#105,.F.);
#326 = ORIENTED_EDGE('',*,*,#327,.T.);
#327 = EDGE_CURVE('',#106,#328,#330,.T.);
#328 = VERTEX_POINT('',#329);
#329 = CARTESIAN_POINT('',(2.4,71.4,2.4));
#330 = LINE('',#331,#332);
#331 = CARTESIAN_POINT('',(2.4,4.6,2.4));
#332 = VECTOR('',#333,1.);
#333 = DIRECTION('',(-0.,1.,0.));
#334 = ORIENTED_EDGE('',*,*,#335,.T.);
#335 = EDGE_CURVE('',#328,#336,#338,.T.);
#336 = VERTEX_POINT('',#337);
#337 = CARTESIAN_POINT('',(2.4,71.4,34.));
#338 = LINE('',#339,#340);
#339 = CARTESIAN_POINT('',(2.4,71.4,2.4));
#340 = VECTOR('',#341,1.);
#341 = DIRECTION('',(0.,0.,1.));
#342 = ORIENTED_EDGE('',*,*,#343,.F.);
#343 = EDGE_CURVE('',#344,#336,#346,.T.);
#344 = VERTEX_POINT('',#345);
#345 = CARTESIAN_POINT('',(2.4,68.333939444035,34.));
#346 = LINE('',#347,#348);
#347 = CARTESIAN_POINT('',(2.4,4.3,34.));
#348 = VECTOR('',#349,1.);
#349 = DIRECTION('',(-0.,1.,0.));
#350 = ORIENTED_EDGE('',*,*,#351,.F.);
#351 = EDGE_CURVE('',#238,#344,#352,.T.);
#352 = LINE('',#353,#354);
#353 = CARTESIAN_POINT('',(2.4,4.3,34.));
#354 = VECTOR('',#355,1.);
#355 = DIRECTION('',(-0.,1.,0.));
#356 = ORIENTED_EDGE('',*,*,#237,.F.);
#357 = PLANE('',#358);
#358 = AXIS2_PLACEMENT_3D('',#359,#360,#361);
#359 = CARTESIAN_POINT('',(2.4,4.6,2.4));
#360 = DIRECTION('',(1.,0.,-0.));
#361 = DIRECTION('',(0.,0.,1.));
#362 = ADVANCED_FACE('',(#363),#408,.T.);
#363 = FACE_BOUND('',#364,.T.);
#364 = EDGE_LOOP('',(#365,#374,#375,#384,#393,#401));
#365 = ORIENTED_EDGE('',*,*,#366,.F.);
#366 = EDGE_CURVE('',#114,#367,#369,.T.);
#367 = VERTEX_POINT('',#368);
#368 = CARTESIAN_POINT('',(6.016577058342,2.916756274992,2.4));
#369 = CIRCLE('',#370,2.2);
#370 = AXIS2_PLACEMENT_3D('',#371,#372,#373);
#371 = CARTESIAN_POINT('',(4.6,4.6,2.4));
#372 = DIRECTION('',(0.,0.,1.));
#373 = DIRECTION('',(1.,0.,-0.));
#374 = ORIENTED_EDGE('',*,*,#138,.T.);
#375 = ORIENTED_EDGE('',*,*,#376,.F.);
#376 = EDGE_CURVE('',#377,#139,#379,.T.);
#377 = VERTEX_POINT('',#378);
#378 = CARTESIAN_POINT('',(97.983422941658,2.916756274992,2.4));
#379 = CIRCLE('',#380,2.2);
#380 = AXIS2_PLACEMENT_3D('',#381,#382,#383);
#381 = CARTESIAN_POINT('',(99.4,4.6,2.4));
#382 = DIRECTION('',(0.,0.,1.));
#383 = DIRECTION('',(1.,0.,-0.));
#384 = ORIENTED_EDGE('',*,*,#385,.F.);
#385 = EDGE_CURVE('',#386,#377,#388,.T.);
#386 = VERTEX_POINT('',#387);
#387 = CARTESIAN_POINT('',(93.553262412077,4.6,2.4));
#388 = CIRCLE('',#389,4.2);
#389 = AXIS2_PLACEMENT_3D('',#390,#391,#392);
#390 = CARTESIAN_POINT('',(97.,7.,2.4));
#391 = DIRECTION('',(0.,0.,1.));
#392 = DIRECTION('',(1.,0.,-0.));
#393 = ORIENTED_EDGE('',*,*,#394,.F.);
#394 = EDGE_CURVE('',#395,#386,#397,.T.);
#395 = VERTEX_POINT('',#396);
#396 = CARTESIAN_POINT('',(10.446737587923,4.6,2.4));
#397 = LINE('',#398,#399);
#398 = CARTESIAN_POINT('',(2.4,4.6,2.4));
#399 = VECTOR('',#400,1.);
#400 = DIRECTION('',(1.,0.,-0.));
#401 = ORIENTED_EDGE('',*,*,#402,.F.);
#402 = EDGE_CURVE('',#367,#395,#403,.T.);
#403 = CIRCLE('',#404,4.2);
#404 = AXIS2_PLACEMENT_3D('',#405,#406,#407);
#405 = CARTESIAN_POINT('',(7.,7.,2.4));
#406 = DIRECTION('',(0.,0.,1.));
#407 = DIRECTION('',(1.,0.,-0.));
#408 = PLANE('',#409);
#409 = AXIS2_PLACEMENT_3D('',#410,#411,#412);
#410 = CARTESIAN_POINT('',(4.6,2.4,2.4));
#411 = DIRECTION('',(0.,0.,1.));
#412 = DIRECTION('',(1.,0.,-0.));
#413 = ADVANCED_FACE('',(#414),#459,.F.);
#414 = FACE_BOUND('',#415,.F.);
#415 = EDGE_LOOP('',(#416,#425,#433,#442,#451,#458));
#416 = ORIENTED_EDGE('',*,*,#417,.T.);
#417 = EDGE_CURVE('',#139,#418,#420,.T.);
#418 = VERTEX_POINT('',#419);
#419 = CARTESIAN_POINT('',(101.6,4.6,2.4));
#420 = CIRCLE('',#421,2.2);
#421 = AXIS2_PLACEMENT_3D('',#422,#423,#424);
#422 = CARTESIAN_POINT('',(99.4,4.6,2.4));
#423 = DIRECTION('',(0.,0.,1.));
#424 = DIRECTION('',(1.,0.,-0.));
#425 = ORIENTED_EDGE('',*,*,#426,.T.);
#426 = EDGE_CURVE('',#418,#427,#429,.T.);
#427 = VERTEX_POINT('',#428);
#428 = CARTESIAN_POINT('',(101.6,4.6,34.));
#429 = LINE('',#430,#431);
#430 = CARTESIAN_POINT('',(101.6,4.6,2.4));
#431 = VECTOR('',#432,1.);
#432 = DIRECTION('',(0.,0.,1.));
#433 = ORIENTED_EDGE('',*,*,#434,.F.);
#434 = EDGE_CURVE('',#435,#427,#437,.T.);
#435 = VERTEX_POINT('',#436);
#436 = CARTESIAN_POINT('',(101.51660104885,4.,34.));
#437 = CIRCLE('',#438,2.2);
#438 = AXIS2_PLACEMENT_3D('',#439,#440,#441);
#439 = CARTESIAN_POINT('',(99.4,4.6,34.));
#440 = DIRECTION('',(0.,0.,1.));
#441 = DIRECTION('',(1.,0.,-0.));
#442 = ORIENTED_EDGE('',*,*,#443,.F.);
#443 = EDGE_CURVE('',#444,#435,#446,.T.);
#444 = VERTEX_POINT('',#445);
#445 = CARTESIAN_POINT('',(100.,2.483398951148,34.));
#446 = CIRCLE('',#447,2.2);
#447 = AXIS2_PLACEMENT_3D('',#448,#449,#450);
#448 = CARTESIAN_POINT('',(99.4,4.6,34.));
#449 = DIRECTION('',(0.,0.,1.));
#450 = DIRECTION('',(1.,0.,-0.));
#451 = ORIENTED_EDGE('',*,*,#452,.F.);
#452 = EDGE_CURVE('',#157,#444,#453,.T.);
#453 = CIRCLE('',#454,2.2);
#454 = AXIS2_PLACEMENT_3D('',#455,#456,#457);
#455 = CARTESIAN_POINT('',(99.4,4.6,34.));
#456 = DIRECTION('',(0.,0.,1.));
#457 = DIRECTION('',(1.,0.,-0.));
#458 = ORIENTED_EDGE('',*,*,#164,.F.);
#459 = CYLINDRICAL_SURFACE('',#460,2.2);
#460 = AXIS2_PLACEMENT_3D('',#461,#462,#463);
#461 = CARTESIAN_POINT('',(99.4,4.6,2.4));
#462 = DIRECTION('',(0.,0.,1.));
#463 = DIRECTION('',(1.,0.,-0.));
#464 = ADVANCED_FACE('',(#465),#476,.T.);
#465 = FACE_BOUND('',#466,.T.);
#466 = EDGE_LOOP('',(#467,#468,#469,#475));
#467 = ORIENTED_EDGE('',*,*,#156,.T.);
#468 = ORIENTED_EDGE('',*,*,#221,.T.);
#469 = ORIENTED_EDGE('',*,*,#470,.T.);
#470 = EDGE_CURVE('',#214,#444,#471,.T.);
#471 = LINE('',#472,#473);
#472 = CARTESIAN_POINT('',(100.,0.,34.));
#473 = VECTOR('',#474,1.);
#474 = DIRECTION('',(-0.,1.,0.));
#475 = ORIENTED_EDGE('',*,*,#452,.F.);
#476 = PLANE('',#477);
#477 = AXIS2_PLACEMENT_3D('',#478,#479,#480);
#478 = CARTESIAN_POINT('',(4.,0.,34.));
#479 = DIRECTION('',(0.,0.,1.));
#480 = DIRECTION('',(1.,0.,-0.));
#481 = ADVANCED_FACE('',(#482),#507,.F.);
#482 = FACE_BOUND('',#483,.F.);
#483 = EDGE_LOOP('',(#484,#492,#500,#506));
#484 = ORIENTED_EDGE('',*,*,#485,.F.);
#485 = EDGE_CURVE('',#486,#173,#488,.T.);
#486 = VERTEX_POINT('',#487);
#487 = CARTESIAN_POINT('',(16.,0.,24.));
#488 = LINE('',#489,#490);
#489 = CARTESIAN_POINT('',(16.,-1.,24.));
#490 = VECTOR('',#491,1.);
#491 = DIRECTION('',(-0.,1.,0.));
#492 = ORIENTED_EDGE('',*,*,#493,.T.);
#493 = EDGE_CURVE('',#486,#494,#496,.T.);
#494 = VERTEX_POINT('',#495);
#495 = CARTESIAN_POINT('',(74.,0.,24.));
#496 = LINE('',#497,#498);
#497 = CARTESIAN_POINT('',(10.,0.,24.));
#498 = VECTOR('',#499,1.);
#499 = DIRECTION('',(1.,0.,-0.));
#500 = ORIENTED_EDGE('',*,*,#501,.T.);
#501 = EDGE_CURVE('',#494,#175,#502,.T.);
#502 = LINE('',#503,#504);
#503 = CARTESIAN_POINT('',(74.,-1.,24.));
#504 = VECTOR('',#505,1.);
#505 = DIRECTION('',(-0.,1.,0.));
#506 = ORIENTED_EDGE('',*,*,#172,.F.);
#507 = PLANE('',#508);
#508 = AXIS2_PLACEMENT_3D('',#509,#510,#511);
#509 = CARTESIAN_POINT('',(16.,-1.,24.));
#510 = DIRECTION('',(0.,0.,1.));
#511 = DIRECTION('',(1.,0.,-0.));
#512 = ADVANCED_FACE('',(#513),#531,.F.);
#513 = FACE_BOUND('',#514,.F.);
#514 = EDGE_LOOP('',(#515,#516,#524,#530));
#515 = ORIENTED_EDGE('',*,*,#501,.F.);
#516 = ORIENTED_EDGE('',*,*,#517,.T.);
#517 = EDGE_CURVE('',#494,#518,#520,.T.);
#518 = VERTEX_POINT('',#519);
#519 = CARTESIAN_POINT('',(74.,0.,7.));
#520 = LINE('',#521,#522);
#521 = CARTESIAN_POINT('',(74.,0.,3.5));
#522 = VECTOR('',#523,1.);
#523 = DIRECTION('',(-0.,0.,-1.));
#524 = ORIENTED_EDGE('',*,*,#525,.T.);
#525 = EDGE_CURVE('',#518,#191,#526,.T.);
#526 = LINE('',#527,#528);
#527 = CARTESIAN_POINT('',(74.,-1.,7.));
#528 = VECTOR('',#529,1.);
#529 = DIRECTION('',(-0.,1.,0.));
#530 = ORIENTED_EDGE('',*,*,#198,.F.);
#531 = PLANE('',#532);
#532 = AXIS2_PLACEMENT_3D('',#533,#534,#535);
#533 = CARTESIAN_POINT('',(74.,-1.,7.));
#534 = DIRECTION('',(1.,0.,-0.));
#535 = DIRECTION('',(0.,0.,1.));
#536 = ADVANCED_FACE('',(#537),#555,.T.);
#537 = FACE_BOUND('',#538,.T.);
#538 = EDGE_LOOP('',(#539,#547,#553,#554));
#539 = ORIENTED_EDGE('',*,*,#540,.F.);
#540 = EDGE_CURVE('',#541,#183,#543,.T.);
#541 = VERTEX_POINT('',#542);
#542 = CARTESIAN_POINT('',(16.,0.,7.));
#543 = LINE('',#544,#545);
#544 = CARTESIAN_POINT('',(16.,-1.,7.));
#545 = VECTOR('',#546,1.);
#546 = DIRECTION('',(-0.,1.,0.));
#547 = ORIENTED_EDGE('',*,*,#548,.T.);
#548 = EDGE_CURVE('',#541,#518,#549,.T.);
#549 = LINE('',#550,#551);
#550 = CARTESIAN_POINT('',(10.,0.,7.));
#551 = VECTOR('',#552,1.);
#552 = DIRECTION('',(1.,0.,-0.));
#553 = ORIENTED_EDGE('',*,*,#525,.T.);
#554 = ORIENTED_EDGE('',*,*,#190,.F.);
#555 = PLANE('',#556);
#556 = AXIS2_PLACEMENT_3D('',#557,#558,#559);
#557 = CARTESIAN_POINT('',(16.,-1.,7.));
#558 = DIRECTION('',(0.,0.,1.));
#559 = DIRECTION('',(1.,0.,-0.));
#560 = ADVANCED_FACE('',(#561),#572,.T.);
#561 = FACE_BOUND('',#562,.T.);
#562 = EDGE_LOOP('',(#563,#564,#570,#571));
#563 = ORIENTED_EDGE('',*,*,#485,.F.);
#564 = ORIENTED_EDGE('',*,*,#565,.T.);
#565 = EDGE_CURVE('',#486,#541,#566,.T.);
#566 = LINE('',#567,#568);
#567 = CARTESIAN_POINT('',(16.,0.,3.5));
#568 = VECTOR('',#569,1.);
#569 = DIRECTION('',(-0.,0.,-1.));
#570 = ORIENTED_EDGE('',*,*,#540,.T.);
#571 = ORIENTED_EDGE('',*,*,#182,.F.);
#572 = PLANE('',#573);
#573 = AXIS2_PLACEMENT_3D('',#574,#575,#576);
#574 = CARTESIAN_POINT('',(16.,-1.,7.));
#575 = DIRECTION('',(1.,0.,-0.));
#576 = DIRECTION('',(0.,0.,1.));
#577 = ADVANCED_FACE('',(#578,#596),#602,.F.);
#578 = FACE_BOUND('',#579,.F.);
#579 = EDGE_LOOP('',(#580,#588,#589,#590));
#580 = ORIENTED_EDGE('',*,*,#581,.F.);
#581 = EDGE_CURVE('',#272,#582,#584,.T.);
#582 = VERTEX_POINT('',#583);
#583 = CARTESIAN_POINT('',(100.,0.,0.));
#584 = LINE('',#585,#586);
#585 = CARTESIAN_POINT('',(4.,0.,0.));
#586 = VECTOR('',#587,1.);
#587 = DIRECTION('',(1.,0.,-0.));
#588 = ORIENTED_EDGE('',*,*,#280,.T.);
#589 = ORIENTED_EDGE('',*,*,#213,.T.);
#590 = ORIENTED_EDGE('',*,*,#591,.F.);
#591 = EDGE_CURVE('',#582,#214,#592,.T.);
#592 = LINE('',#593,#594);
#593 = CARTESIAN_POINT('',(100.,0.,0.));
#594 = VECTOR('',#595,1.);
#595 = DIRECTION('',(0.,0.,1.));
#596 = FACE_BOUND('',#597,.F.);
#597 = EDGE_LOOP('',(#598,#599,#600,#601));
#598 = ORIENTED_EDGE('',*,*,#493,.F.);
#599 = ORIENTED_EDGE('',*,*,#565,.T.);
#600 = ORIENTED_EDGE('',*,*,#548,.T.);
#601 = ORIENTED_EDGE('',*,*,#517,.F.);
#602 = PLANE('',#603);
#603 = AXIS2_PLACEMENT_3D('',#604,#605,#606);
#604 = CARTESIAN_POINT('',(4.,0.,0.));
#605 = DIRECTION('',(-0.,1.,0.));
#606 = DIRECTION('',(0.,0.,1.));
#607 = ADVANCED_FACE('',(#608),#627,.T.);
#608 = FACE_BOUND('',#609,.T.);
#609 = EDGE_LOOP('',(#610,#619,#625,#626));
#610 = ORIENTED_EDGE('',*,*,#611,.F.);
#611 = EDGE_CURVE('',#612,#344,#614,.T.);
#612 = VERTEX_POINT('',#613);
#613 = CARTESIAN_POINT('',(0.,72.,34.));
#614 = CIRCLE('',#615,4.);
#615 = AXIS2_PLACEMENT_3D('',#616,#617,#618);
#616 = CARTESIAN_POINT('',(4.,72.,34.));
#617 = DIRECTION('',(0.,0.,1.));
#618 = DIRECTION('',(1.,0.,-0.));
#619 = ORIENTED_EDGE('',*,*,#620,.F.);
#620 = EDGE_CURVE('',#64,#612,#621,.T.);
#621 = LINE('',#622,#623);
#622 = CARTESIAN_POINT('',(0.,4.,34.));
#623 = VECTOR('',#624,1.);
#624 = DIRECTION('',(-0.,1.,0.));
#625 = ORIENTED_EDGE('',*,*,#245,.F.);
#626 = ORIENTED_EDGE('',*,*,#351,.T.);
#627 = PLANE('',#628);
#628 = AXIS2_PLACEMENT_3D('',#629,#630,#631);
#629 = CARTESIAN_POINT('',(0.,4.,34.));
#630 = DIRECTION('',(0.,0.,1.));
#631 = DIRECTION('',(1.,0.,-0.));
#632 = ADVANCED_FACE('',(#633),#650,.F.);
#633 = FACE_BOUND('',#634,.F.);
#634 = EDGE_LOOP('',(#635,#643,#644));
#635 = ORIENTED_EDGE('',*,*,#636,.F.);
#636 = EDGE_CURVE('',#264,#637,#639,.T.);
#637 = VERTEX_POINT('',#638);
#638 = CARTESIAN_POINT('',(4.,4.,0.));
#639 = LINE('',#640,#641);
#640 = CARTESIAN_POINT('',(0.,4.,0.));
#641 = VECTOR('',#642,1.);
#642 = DIRECTION('',(1.,0.,-0.));
#643 = ORIENTED_EDGE('',*,*,#271,.T.);
#644 = ORIENTED_EDGE('',*,*,#645,.T.);
#645 = EDGE_CURVE('',#272,#637,#646,.T.);
#646 = LINE('',#647,#648);
#647 = CARTESIAN_POINT('',(4.,0.,0.));
#648 = VECTOR('',#649,1.);
#649 = DIRECTION('',(-0.,1.,0.));
#650 = PLANE('',#651);
#651 = AXIS2_PLACEMENT_3D('',#652,#653,#654);
#652 = CARTESIAN_POINT('',(4.,4.,0.));
#653 = DIRECTION('',(0.,0.,1.));
#654 = DIRECTION('',(1.,0.,-0.));
#655 = ADVANCED_FACE('',(#656),#674,.F.);
#656 = FACE_BOUND('',#657,.F.);
#657 = EDGE_LOOP('',(#658,#659,#667,#673));
#658 = ORIENTED_EDGE('',*,*,#263,.F.);
#659 = ORIENTED_EDGE('',*,*,#660,.T.);
#660 = EDGE_CURVE('',#264,#661,#663,.T.);
#661 = VERTEX_POINT('',#662);
#662 = CARTESIAN_POINT('',(0.,72.,0.));
#663 = LINE('',#664,#665);
#664 = CARTESIAN_POINT('',(0.,4.,0.));
#665 = VECTOR('',#666,1.);
#666 = DIRECTION('',(-0.,1.,0.));
#667 = ORIENTED_EDGE('',*,*,#668,.T.);
#668 = EDGE_CURVE('',#661,#612,#669,.T.);
#669 = LINE('',#670,#671);
#670 = CARTESIAN_POINT('',(0.,72.,0.));
#671 = VECTOR('',#672,1.);
#672 = DIRECTION('',(0.,0.,1.));
#673 = ORIENTED_EDGE('',*,*,#620,.F.);
#674 = PLANE('',#675);
#675 = AXIS2_PLACEMENT_3D('',#676,#677,#678);
#676 = CARTESIAN_POINT('',(0.,4.,0.));
#677 = DIRECTION('',(1.,0.,-0.));
#678 = DIRECTION('',(0.,0.,1.));
#679 = ADVANCED_FACE('',(#680),#699,.T.);
#680 = FACE_BOUND('',#681,.T.);
#681 = EDGE_LOOP('',(#682,#691,#698));
#682 = ORIENTED_EDGE('',*,*,#683,.F.);
#683 = EDGE_CURVE('',#684,#295,#686,.T.);
#684 = VERTEX_POINT('',#685);
#685 = CARTESIAN_POINT('',(2.916756274992,6.016577058342,2.4));
#686 = CIRCLE('',#687,4.2);
#687 = AXIS2_PLACEMENT_3D('',#688,#689,#690);
#688 = CARTESIAN_POINT('',(7.,7.,2.4));
#689 = DIRECTION('',(0.,0.,1.));
#690 = DIRECTION('',(1.,0.,-0.));
#691 = ORIENTED_EDGE('',*,*,#692,.T.);
#692 = EDGE_CURVE('',#684,#106,#693,.T.);
#693 = CIRCLE('',#694,2.2);
#694 = AXIS2_PLACEMENT_3D('',#695,#696,#697);
#695 = CARTESIAN_POINT('',(4.6,4.6,2.4));
#696 = DIRECTION('',(0.,0.,1.));
#697 = DIRECTION('',(1.,0.,-0.));
#698 = ORIENTED_EDGE('',*,*,#294,.T.);
#699 = PLANE('',#700);
#700 = AXIS2_PLACEMENT_3D('',#701,#702,#703);
#701 = CARTESIAN_POINT('',(2.4,4.6,2.4));
#702 = DIRECTION('',(0.,0.,1.));
#703 = DIRECTION('',(1.,0.,-0.));
#704 = ADVANCED_FACE('',(#705),#758,.T.);
#705 = FACE_BOUND('',#706,.T.);
#706 = EDGE_LOOP('',(#707,#717,#724,#725,#734,#741,#742,#743,#750,#751)
  );
#707 = ORIENTED_EDGE('',*,*,#708,.T.);
#708 = EDGE_CURVE('',#709,#711,#713,.T.);
#709 = VERTEX_POINT('',#710);
#710 = CARTESIAN_POINT('',(11.2,7.,2.4));
#711 = VERTEX_POINT('',#712);
#712 = CARTESIAN_POINT('',(11.2,7.,34.));
#713 = LINE('',#714,#715);
#714 = CARTESIAN_POINT('',(11.2,7.,2.4));
#715 = VECTOR('',#716,1.);
#716 = DIRECTION('',(0.,0.,1.));
#717 = ORIENTED_EDGE('',*,*,#718,.F.);
#718 = EDGE_CURVE('',#711,#711,#719,.T.);
#719 = CIRCLE('',#720,4.2);
#720 = AXIS2_PLACEMENT_3D('',#721,#722,#723);
#721 = CARTESIAN_POINT('',(7.,7.,34.));
#722 = DIRECTION('',(0.,0.,1.));
#723 = DIRECTION('',(1.,0.,-0.));
#724 = ORIENTED_EDGE('',*,*,#708,.F.);
#725 = ORIENTED_EDGE('',*,*,#726,.T.);
#726 = EDGE_CURVE('',#709,#727,#729,.T.);
#727 = VERTEX_POINT('',#728);
#728 = CARTESIAN_POINT('',(4.6,10.446737587923,2.4));
#729 = CIRCLE('',#730,4.2);
#730 = AXIS2_PLACEMENT_3D('',#731,#732,#733);
#731 = CARTESIAN_POINT('',(7.,7.,2.4));
#732 = DIRECTION('',(0.,0.,1.));
#733 = DIRECTION('',(1.,0.,-0.));
#734 = ORIENTED_EDGE('',*,*,#735,.T.);
#735 = EDGE_CURVE('',#727,#684,#736,.T.);
#736 = CIRCLE('',#737,4.2);
#737 = AXIS2_PLACEMENT_3D('',#738,#739,#740);
#738 = CARTESIAN_POINT('',(7.,7.,2.4));
#739 = DIRECTION('',(0.,0.,1.));
#740 = DIRECTION('',(1.,0.,-0.));
#741 = ORIENTED_EDGE('',*,*,#683,.T.);
#742 = ORIENTED_EDGE('',*,*,#311,.T.);
#743 = ORIENTED_EDGE('',*,*,#744,.T.);
#744 = EDGE_CURVE('',#304,#367,#745,.T.);
#745 = CIRCLE('',#746,4.2);
#746 = AXIS2_PLACEMENT_3D('',#747,#748,#749);
#747 = CARTESIAN_POINT('',(7.,7.,2.4));
#748 = DIRECTION('',(0.,0.,1.));
#749 = DIRECTION('',(1.,0.,-0.));
#750 = ORIENTED_EDGE('',*,*,#402,.T.);
#751 = ORIENTED_EDGE('',*,*,#752,.T.);
#752 = EDGE_CURVE('',#395,#709,#753,.T.);
#753 = CIRCLE('',#754,4.2);
#754 = AXIS2_PLACEMENT_3D('',#755,#756,#757);
#755 = CARTESIAN_POINT('',(7.,7.,2.4));
#756 = DIRECTION('',(0.,0.,1.));
#757 = DIRECTION('',(1.,0.,-0.));
#758 = CYLINDRICAL_SURFACE('',#759,4.2);
#759 = AXIS2_PLACEMENT_3D('',#760,#761,#762);
#760 = CARTESIAN_POINT('',(7.,7.,2.4));
#761 = DIRECTION('',(0.,0.,1.));
#762 = DIRECTION('',(1.,0.,-0.));
#763 = ADVANCED_FACE('',(#764),#769,.T.);
#764 = FACE_BOUND('',#765,.T.);
#765 = EDGE_LOOP('',(#766,#767,#768));
#766 = ORIENTED_EDGE('',*,*,#303,.F.);
#767 = ORIENTED_EDGE('',*,*,#366,.T.);
#768 = ORIENTED_EDGE('',*,*,#744,.F.);
#769 = PLANE('',#770);
#770 = AXIS2_PLACEMENT_3D('',#771,#772,#773);
#771 = CARTESIAN_POINT('',(4.6,2.4,2.4));
#772 = DIRECTION('',(0.,0.,1.));
#773 = DIRECTION('',(1.,0.,-0.));
#774 = ADVANCED_FACE('',(#775),#794,.T.);
#775 = FACE_BOUND('',#776,.T.);
#776 = EDGE_LOOP('',(#777,#785,#786,#787));
#777 = ORIENTED_EDGE('',*,*,#778,.F.);
#778 = EDGE_CURVE('',#612,#779,#781,.T.);
#779 = VERTEX_POINT('',#780);
#780 = CARTESIAN_POINT('',(2.483398951148,72.,34.));
#781 = LINE('',#782,#783);
#782 = CARTESIAN_POINT('',(0.,72.,34.));
#783 = VECTOR('',#784,1.);
#784 = DIRECTION('',(1.,0.,-0.));
#785 = ORIENTED_EDGE('',*,*,#611,.T.);
#786 = ORIENTED_EDGE('',*,*,#343,.T.);
#787 = ORIENTED_EDGE('',*,*,#788,.F.);
#788 = EDGE_CURVE('',#779,#336,#789,.T.);
#789 = CIRCLE('',#790,2.2);
#790 = AXIS2_PLACEMENT_3D('',#791,#792,#793);
#791 = CARTESIAN_POINT('',(4.6,71.4,34.));
#792 = DIRECTION('',(0.,0.,1.));
#793 = DIRECTION('',(1.,0.,-0.));
#794 = PLANE('',#795);
#795 = AXIS2_PLACEMENT_3D('',#796,#797,#798);
#796 = CARTESIAN_POINT('',(0.,4.,34.));
#797 = DIRECTION('',(0.,0.,1.));
#798 = DIRECTION('',(1.,0.,-0.));
#799 = ADVANCED_FACE('',(#800),#837,.F.);
#800 = FACE_BOUND('',#801,.F.);
#801 = EDGE_LOOP('',(#802,#813,#821,#828,#829,#830));
#802 = ORIENTED_EDGE('',*,*,#803,.F.);
#803 = EDGE_CURVE('',#804,#806,#808,.T.);
#804 = VERTEX_POINT('',#805);
#805 = CARTESIAN_POINT('',(4.6,73.6,34.));
#806 = VERTEX_POINT('',#807);
#807 = CARTESIAN_POINT('',(4.,73.516601048852,34.));
#808 = CIRCLE('',#809,2.2);
#809 = AXIS2_PLACEMENT_3D('',#810,#811,#812);
#810 = CARTESIAN_POINT('',(4.6,71.4,34.));
#811 = DIRECTION('',(0.,0.,1.));
#812 = DIRECTION('',(1.,0.,-0.));
#813 = ORIENTED_EDGE('',*,*,#814,.F.);
#814 = EDGE_CURVE('',#815,#804,#817,.T.);
#815 = VERTEX_POINT('',#816);
#816 = CARTESIAN_POINT('',(4.6,73.6,2.4));
#817 = LINE('',#818,#819);
#818 = CARTESIAN_POINT('',(4.6,73.6,2.4));
#819 = VECTOR('',#820,1.);
#820 = DIRECTION('',(0.,0.,1.));
#821 = ORIENTED_EDGE('',*,*,#822,.T.);
#822 = EDGE_CURVE('',#815,#328,#823,.T.);
#823 = CIRCLE('',#824,2.2);
#824 = AXIS2_PLACEMENT_3D('',#825,#826,#827);
#825 = CARTESIAN_POINT('',(4.6,71.4,2.4));
#826 = DIRECTION('',(0.,0.,1.));
#827 = DIRECTION('',(1.,0.,-0.));
#828 = ORIENTED_EDGE('',*,*,#335,.T.);
#829 = ORIENTED_EDGE('',*,*,#788,.F.);
#830 = ORIENTED_EDGE('',*,*,#831,.F.);
#831 = EDGE_CURVE('',#806,#779,#832,.T.);
#832 = CIRCLE('',#833,2.2);
#833 = AXIS2_PLACEMENT_3D('',#834,#835,#836);
#834 = CARTESIAN_POINT('',(4.6,71.4,34.));
#835 = DIRECTION('',(0.,0.,1.));
#836 = DIRECTION('',(1.,0.,-0.));
#837 = CYLINDRICAL_SURFACE('',#838,2.2);
#838 = AXIS2_PLACEMENT_3D('',#839,#840,#841);
#839 = CARTESIAN_POINT('',(4.6,71.4,2.4));
#840 = DIRECTION('',(0.,0.,1.));
#841 = DIRECTION('',(1.,0.,-0.));
#842 = ADVANCED_FACE('',(#843),#872,.T.);
#843 = FACE_BOUND('',#844,.T.);
#844 = EDGE_LOOP('',(#845,#854,#855,#856,#857,#865));
#845 = ORIENTED_EDGE('',*,*,#846,.F.);
#846 = EDGE_CURVE('',#328,#847,#849,.T.);
#847 = VERTEX_POINT('',#848);
#848 = CARTESIAN_POINT('',(2.916756274992,69.983422941658,2.4));
#849 = CIRCLE('',#850,2.2);
#850 = AXIS2_PLACEMENT_3D('',#851,#852,#853);
#851 = CARTESIAN_POINT('',(4.6,71.4,2.4));
#852 = DIRECTION('',(0.,0.,1.));
#853 = DIRECTION('',(1.,0.,-0.));
#854 = ORIENTED_EDGE('',*,*,#327,.F.);
#855 = ORIENTED_EDGE('',*,*,#692,.F.);
#856 = ORIENTED_EDGE('',*,*,#735,.F.);
#857 = ORIENTED_EDGE('',*,*,#858,.T.);
#858 = EDGE_CURVE('',#727,#859,#861,.T.);
#859 = VERTEX_POINT('',#860);
#860 = CARTESIAN_POINT('',(4.6,65.553262412077,2.4));
#861 = LINE('',#862,#863);
#862 = CARTESIAN_POINT('',(4.6,2.4,2.4));
#863 = VECTOR('',#864,1.);
#864 = DIRECTION('',(-0.,1.,0.));
#865 = ORIENTED_EDGE('',*,*,#866,.F.);
#866 = EDGE_CURVE('',#847,#859,#867,.T.);
#867 = CIRCLE('',#868,4.2);
#868 = AXIS2_PLACEMENT_3D('',#869,#870,#871);
#869 = CARTESIAN_POINT('',(7.,69.,2.4));
#870 = DIRECTION('',(0.,0.,1.));
#871 = DIRECTION('',(1.,0.,-0.));
#872 = PLANE('',#873);
#873 = AXIS2_PLACEMENT_3D('',#874,#875,#876);
#874 = CARTESIAN_POINT('',(2.4,4.6,2.4));
#875 = DIRECTION('',(0.,0.,1.));
#876 = DIRECTION('',(1.,0.,-0.));
#877 = ADVANCED_FACE('',(#878,#934,#945,#956,#1056,#1090,#1101,#1135,
    #1169,#1255,#1266),#1300,.T.);
#878 = FACE_BOUND('',#879,.T.);
#879 = EDGE_LOOP('',(#880,#881,#882,#883,#884,#893,#901,#910,#918,#927)
  );
#880 = ORIENTED_EDGE('',*,*,#858,.F.);
#881 = ORIENTED_EDGE('',*,*,#726,.F.);
#882 = ORIENTED_EDGE('',*,*,#752,.F.);
#883 = ORIENTED_EDGE('',*,*,#394,.T.);
#884 = ORIENTED_EDGE('',*,*,#885,.F.);
#885 = EDGE_CURVE('',#886,#386,#888,.T.);
#886 = VERTEX_POINT('',#887);
#887 = CARTESIAN_POINT('',(99.4,10.446737587923,2.4));
#888 = CIRCLE('',#889,4.2);
#889 = AXIS2_PLACEMENT_3D('',#890,#891,#892);
#890 = CARTESIAN_POINT('',(97.,7.,2.4));
#891 = DIRECTION('',(0.,0.,1.));
#892 = DIRECTION('',(1.,0.,-0.));
#893 = ORIENTED_EDGE('',*,*,#894,.T.);
#894 = EDGE_CURVE('',#886,#895,#897,.T.);
#895 = VERTEX_POINT('',#896);
#896 = CARTESIAN_POINT('',(99.4,65.553262412077,2.4));
#897 = LINE('',#898,#899);
#898 = CARTESIAN_POINT('',(99.4,2.4,2.4));
#899 = VECTOR('',#900,1.);
#900 = DIRECTION('',(-0.,1.,0.));
#901 = ORIENTED_EDGE('',*,*,#902,.F.);
#902 = EDGE_CURVE('',#903,#895,#905,.T.);
#903 = VERTEX_POINT('',#904);
#904 = CARTESIAN_POINT('',(93.553262412077,71.4,2.4));
#905 = CIRCLE('',#906,4.2);
#906 = AXIS2_PLACEMENT_3D('',#907,#908,#909);
#907 = CARTESIAN_POINT('',(97.,69.,2.4));
#908 = DIRECTION('',(0.,0.,1.));
#909 = DIRECTION('',(1.,0.,-0.));
#910 = ORIENTED_EDGE('',*,*,#911,.F.);
#911 = EDGE_CURVE('',#912,#903,#914,.T.);
#912 = VERTEX_POINT('',#913);
#913 = CARTESIAN_POINT('',(10.446737587923,71.4,2.4));
#914 = LINE('',#915,#916);
#915 = CARTESIAN_POINT('',(2.4,71.4,2.4));
#916 = VECTOR('',#917,1.);
#917 = DIRECTION('',(1.,0.,-0.));
#918 = ORIENTED_EDGE('',*,*,#919,.F.);
#919 = EDGE_CURVE('',#920,#912,#922,.T.);
#920 = VERTEX_POINT('',#921);
#921 = CARTESIAN_POINT('',(11.2,69.,2.4));
#922 = CIRCLE('',#923,4.2);
#923 = AXIS2_PLACEMENT_3D('',#924,#925,#926);
#924 = CARTESIAN_POINT('',(7.,69.,2.4));
#925 = DIRECTION('',(0.,0.,1.));
#926 = DIRECTION('',(1.,0.,-0.));
#927 = ORIENTED_EDGE('',*,*,#928,.F.);
#928 = EDGE_CURVE('',#859,#920,#929,.T.);
#929 = CIRCLE('',#930,4.2);
#930 = AXIS2_PLACEMENT_3D('',#931,#932,#933);
#931 = CARTESIAN_POINT('',(7.,69.,2.4));
#932 = DIRECTION('',(0.,0.,1.));
#933 = DIRECTION('',(1.,0.,-0.));
#934 = FACE_BOUND('',#935,.T.);
#935 = EDGE_LOOP('',(#936));
#936 = ORIENTED_EDGE('',*,*,#937,.F.);
#937 = EDGE_CURVE('',#938,#938,#940,.T.);
#938 = VERTEX_POINT('',#939);
#939 = CARTESIAN_POINT('',(16.,12.5,2.4));
#940 = CIRCLE('',#941,3.5);
#941 = AXIS2_PLACEMENT_3D('',#942,#943,#944);
#942 = CARTESIAN_POINT('',(12.5,12.5,2.4));
#943 = DIRECTION('',(0.,0.,1.));
#944 = DIRECTION('',(1.,0.,-0.));
#945 = FACE_BOUND('',#946,.T.);
#946 = EDGE_LOOP('',(#947));
#947 = ORIENTED_EDGE('',*,*,#948,.F.);
#948 = EDGE_CURVE('',#949,#949,#951,.T.);
#949 = VERTEX_POINT('',#950);
#950 = CARTESIAN_POINT('',(74.,12.5,2.4));
#951 = CIRCLE('',#952,3.5);
#952 = AXIS2_PLACEMENT_3D('',#953,#954,#955);
#953 = CARTESIAN_POINT('',(70.5,12.5,2.4));
#954 = DIRECTION('',(0.,0.,1.));
#955 = DIRECTION('',(1.,0.,-0.));
#956 = FACE_BOUND('',#957,.T.);
#957 = EDGE_LOOP('',(#958,#968,#976,#984,#992,#1000,#1009,#1017,#1025,
    #1033,#1041,#1049));
#958 = ORIENTED_EDGE('',*,*,#959,.F.);
#959 = EDGE_CURVE('',#960,#962,#964,.T.);
#960 = VERTEX_POINT('',#961);
#961 = CARTESIAN_POINT('',(25.,20.,2.4));
#962 = VERTEX_POINT('',#963);
#963 = CARTESIAN_POINT('',(25.,22.968871125851,2.4));
#964 = LINE('',#965,#966);
#965 = CARTESIAN_POINT('',(25.,11.2,2.4));
#966 = VECTOR('',#967,1.);
#967 = DIRECTION('',(-0.,1.,0.));
#968 = ORIENTED_EDGE('',*,*,#969,.T.);
#969 = EDGE_CURVE('',#960,#970,#972,.T.);
#970 = VERTEX_POINT('',#971);
#971 = CARTESIAN_POINT('',(20.,20.,2.4));
#972 = LINE('',#973,#974);
#973 = CARTESIAN_POINT('',(12.3,20.,2.4));
#974 = VECTOR('',#975,1.);
#975 = DIRECTION('',(-1.,-0.,0.));
#976 = ORIENTED_EDGE('',*,*,#977,.T.);
#977 = EDGE_CURVE('',#970,#978,#980,.T.);
#978 = VERTEX_POINT('',#979);
#979 = CARTESIAN_POINT('',(20.,58.,2.4));
#980 = LINE('',#981,#982);
#981 = CARTESIAN_POINT('',(20.,11.2,2.4));
#982 = VECTOR('',#983,1.);
#983 = DIRECTION('',(-0.,1.,0.));
#984 = ORIENTED_EDGE('',*,*,#985,.F.);
#985 = EDGE_CURVE('',#986,#978,#988,.T.);
#986 = VERTEX_POINT('',#987);
#987 = CARTESIAN_POINT('',(25.,58.,2.4));
#988 = LINE('',#989,#990);
#989 = CARTESIAN_POINT('',(12.3,58.,2.4));
#990 = VECTOR('',#991,1.);
#991 = DIRECTION('',(-1.,-0.,0.));
#992 = ORIENTED_EDGE('',*,*,#993,.F.);
#993 = EDGE_CURVE('',#994,#986,#996,.T.);
#994 = VERTEX_POINT('',#995);
#995 = CARTESIAN_POINT('',(25.,53.031128874149,2.4));
#996 = LINE('',#997,#998);
#997 = CARTESIAN_POINT('',(25.,11.2,2.4));
#998 = VECTOR('',#999,1.);
#999 = DIRECTION('',(-0.,1.,0.));
#1000 = ORIENTED_EDGE('',*,*,#1001,.F.);
#1001 = EDGE_CURVE('',#1002,#994,#1004,.T.);
#1002 = VERTEX_POINT('',#1003);
#1003 = CARTESIAN_POINT('',(31.,51.061552812809,2.4));
#1004 = CIRCLE('',#1005,4.5);
#1005 = AXIS2_PLACEMENT_3D('',#1006,#1007,#1008);
#1006 = CARTESIAN_POINT('',(27.,49.,2.4));
#1007 = DIRECTION('',(0.,0.,1.));
#1008 = DIRECTION('',(1.,0.,-0.));
#1009 = ORIENTED_EDGE('',*,*,#1010,.T.);
#1010 = EDGE_CURVE('',#1002,#1011,#1013,.T.);
#1011 = VERTEX_POINT('',#1012);
#1012 = CARTESIAN_POINT('',(31.,58.,2.4));
#1013 = LINE('',#1014,#1015);
#1014 = CARTESIAN_POINT('',(31.,11.2,2.4));
#1015 = VECTOR('',#1016,1.);
#1016 = DIRECTION('',(-0.,1.,0.));
#1017 = ORIENTED_EDGE('',*,*,#1018,.F.);
#1018 = EDGE_CURVE('',#1019,#1011,#1021,.T.);
#1019 = VERTEX_POINT('',#1020);
#1020 = CARTESIAN_POINT('',(36.,58.,2.4));
#1021 = LINE('',#1022,#1023);
#1022 = CARTESIAN_POINT('',(17.8,58.,2.4));
#1023 = VECTOR('',#1024,1.);
#1024 = DIRECTION('',(-1.,-0.,0.));
#1025 = ORIENTED_EDGE('',*,*,#1026,.F.);
#1026 = EDGE_CURVE('',#1027,#1019,#1029,.T.);
#1027 = VERTEX_POINT('',#1028);
#1028 = CARTESIAN_POINT('',(36.,20.,2.4));
#1029 = LINE('',#1030,#1031);
#1030 = CARTESIAN_POINT('',(36.,11.2,2.4));
#1031 = VECTOR('',#1032,1.);
#1032 = DIRECTION('',(-0.,1.,0.));
#1033 = ORIENTED_EDGE('',*,*,#1034,.T.);
#1034 = EDGE_CURVE('',#1027,#1035,#1037,.T.);
#1035 = VERTEX_POINT('',#1036);
#1036 = CARTESIAN_POINT('',(31.,20.,2.4));
#1037 = LINE('',#1038,#1039);
#1038 = CARTESIAN_POINT('',(17.8,20.,2.4));
#1039 = VECTOR('',#1040,1.);
#1040 = DIRECTION('',(-1.,-0.,0.));
#1041 = ORIENTED_EDGE('',*,*,#1042,.T.);
#1042 = EDGE_CURVE('',#1035,#1043,#1045,.T.);
#1043 = VERTEX_POINT('',#1044);
#1044 = CARTESIAN_POINT('',(31.,24.938447187191,2.4));
#1045 = LINE('',#1046,#1047);
#1046 = CARTESIAN_POINT('',(31.,11.2,2.4));
#1047 = VECTOR('',#1048,1.);
#1048 = DIRECTION('',(-0.,1.,0.));
#1049 = ORIENTED_EDGE('',*,*,#1050,.F.);
#1050 = EDGE_CURVE('',#962,#1043,#1051,.T.);
#1051 = CIRCLE('',#1052,4.5);
#1052 = AXIS2_PLACEMENT_3D('',#1053,#1054,#1055);
#1053 = CARTESIAN_POINT('',(27.,27.,2.4));
#1054 = DIRECTION('',(0.,0.,1.));
#1055 = DIRECTION('',(1.,0.,-0.));
#1056 = FACE_BOUND('',#1057,.T.);
#1057 = EDGE_LOOP('',(#1058,#1068,#1076,#1084));
#1058 = ORIENTED_EDGE('',*,*,#1059,.T.);
#1059 = EDGE_CURVE('',#1060,#1062,#1064,.T.);
#1060 = VERTEX_POINT('',#1061);
#1061 = CARTESIAN_POINT('',(47.,20.,2.4));
#1062 = VERTEX_POINT('',#1063);
#1063 = CARTESIAN_POINT('',(42.,20.,2.4));
#1064 = LINE('',#1065,#1066);
#1065 = CARTESIAN_POINT('',(23.3,20.,2.4));
#1066 = VECTOR('',#1067,1.);
#1067 = DIRECTION('',(-1.,-0.,0.));
#1068 = ORIENTED_EDGE('',*,*,#1069,.T.);
#1069 = EDGE_CURVE('',#1062,#1070,#1072,.T.);
#1070 = VERTEX_POINT('',#1071);
#1071 = CARTESIAN_POINT('',(42.,58.,2.4));
#1072 = LINE('',#1073,#1074);
#1073 = CARTESIAN_POINT('',(42.,11.2,2.4));
#1074 = VECTOR('',#1075,1.);
#1075 = DIRECTION('',(-0.,1.,0.));
#1076 = ORIENTED_EDGE('',*,*,#1077,.F.);
#1077 = EDGE_CURVE('',#1078,#1070,#1080,.T.);
#1078 = VERTEX_POINT('',#1079);
#1079 = CARTESIAN_POINT('',(47.,58.,2.4));
#1080 = LINE('',#1081,#1082);
#1081 = CARTESIAN_POINT('',(23.3,58.,2.4));
#1082 = VECTOR('',#1083,1.);
#1083 = DIRECTION('',(-1.,-0.,0.));
#1084 = ORIENTED_EDGE('',*,*,#1085,.F.);
#1085 = EDGE_CURVE('',#1060,#1078,#1086,.T.);
#1086 = LINE('',#1087,#1088);
#1087 = CARTESIAN_POINT('',(47.,11.2,2.4));
#1088 = VECTOR('',#1089,1.);
#1089 = DIRECTION('',(-0.,1.,0.));
#1090 = FACE_BOUND('',#1091,.T.);
#1091 = EDGE_LOOP('',(#1092));
#1092 = ORIENTED_EDGE('',*,*,#1093,.F.);
#1093 = EDGE_CURVE('',#1094,#1094,#1096,.T.);
#1094 = VERTEX_POINT('',#1095);
#1095 = CARTESIAN_POINT('',(16.,61.5,2.4));
#1096 = CIRCLE('',#1097,3.5);
#1097 = AXIS2_PLACEMENT_3D('',#1098,#1099,#1100);
#1098 = CARTESIAN_POINT('',(12.5,61.5,2.4));
#1099 = DIRECTION('',(0.,0.,1.));
#1100 = DIRECTION('',(1.,0.,-0.));
#1101 = FACE_BOUND('',#1102,.T.);
#1102 = EDGE_LOOP('',(#1103,#1113,#1121,#1129));
#1103 = ORIENTED_EDGE('',*,*,#1104,.T.);
#1104 = EDGE_CURVE('',#1105,#1107,#1109,.T.);
#1105 = VERTEX_POINT('',#1106);
#1106 = CARTESIAN_POINT('',(58.,20.,2.4));
#1107 = VERTEX_POINT('',#1108);
#1108 = CARTESIAN_POINT('',(53.,20.,2.4));
#1109 = LINE('',#1110,#1111);
#1110 = CARTESIAN_POINT('',(28.8,20.,2.4));
#1111 = VECTOR('',#1112,1.);
#1112 = DIRECTION('',(-1.,-0.,0.));
#1113 = ORIENTED_EDGE('',*,*,#1114,.T.);
#1114 = EDGE_CURVE('',#1107,#1115,#1117,.T.);
#1115 = VERTEX_POINT('',#1116);
#1116 = CARTESIAN_POINT('',(53.,58.,2.4));
#1117 = LINE('',#1118,#1119);
#1118 = CARTESIAN_POINT('',(53.,11.2,2.4));
#1119 = VECTOR('',#1120,1.);
#1120 = DIRECTION('',(-0.,1.,0.));
#1121 = ORIENTED_EDGE('',*,*,#1122,.F.);
#1122 = EDGE_CURVE('',#1123,#1115,#1125,.T.);
#1123 = VERTEX_POINT('',#1124);
#1124 = CARTESIAN_POINT('',(58.,58.,2.4));
#1125 = LINE('',#1126,#1127);
#1126 = CARTESIAN_POINT('',(28.8,58.,2.4));
#1127 = VECTOR('',#1128,1.);
#1128 = DIRECTION('',(-1.,-0.,0.));
#1129 = ORIENTED_EDGE('',*,*,#1130,.F.);
#1130 = EDGE_CURVE('',#1105,#1123,#1131,.T.);
#1131 = LINE('',#1132,#1133);
#1132 = CARTESIAN_POINT('',(58.,11.2,2.4));
#1133 = VECTOR('',#1134,1.);
#1134 = DIRECTION('',(-0.,1.,0.));
#1135 = FACE_BOUND('',#1136,.T.);
#1136 = EDGE_LOOP('',(#1137,#1147,#1155,#1163));
#1137 = ORIENTED_EDGE('',*,*,#1138,.T.);
#1138 = EDGE_CURVE('',#1139,#1141,#1143,.T.);
#1139 = VERTEX_POINT('',#1140);
#1140 = CARTESIAN_POINT('',(69.,20.,2.4));
#1141 = VERTEX_POINT('',#1142);
#1142 = CARTESIAN_POINT('',(64.,20.,2.4));
#1143 = LINE('',#1144,#1145);
#1144 = CARTESIAN_POINT('',(34.3,20.,2.4));
#1145 = VECTOR('',#1146,1.);
#1146 = DIRECTION('',(-1.,-0.,0.));
#1147 = ORIENTED_EDGE('',*,*,#1148,.T.);
#1148 = EDGE_CURVE('',#1141,#1149,#1151,.T.);
#1149 = VERTEX_POINT('',#1150);
#1150 = CARTESIAN_POINT('',(64.,58.,2.4));
#1151 = LINE('',#1152,#1153);
#1152 = CARTESIAN_POINT('',(64.,11.2,2.4));
#1153 = VECTOR('',#1154,1.);
#1154 = DIRECTION('',(-0.,1.,0.));
#1155 = ORIENTED_EDGE('',*,*,#1156,.F.);
#1156 = EDGE_CURVE('',#1157,#1149,#1159,.T.);
#1157 = VERTEX_POINT('',#1158);
#1158 = CARTESIAN_POINT('',(69.,58.,2.4));
#1159 = LINE('',#1160,#1161);
#1160 = CARTESIAN_POINT('',(34.3,58.,2.4));
#1161 = VECTOR('',#1162,1.);
#1162 = DIRECTION('',(-1.,-0.,0.));
#1163 = ORIENTED_EDGE('',*,*,#1164,.F.);
#1164 = EDGE_CURVE('',#1139,#1157,#1165,.T.);
#1165 = LINE('',#1166,#1167);
#1166 = CARTESIAN_POINT('',(69.,11.2,2.4));
#1167 = VECTOR('',#1168,1.);
#1168 = DIRECTION('',(-0.,1.,0.));
#1169 = FACE_BOUND('',#1170,.T.);
#1170 = EDGE_LOOP('',(#1171,#1181,#1189,#1197,#1205,#1213,#1222,#1231,
    #1239,#1248));
#1171 = ORIENTED_EDGE('',*,*,#1172,.F.);
#1172 = EDGE_CURVE('',#1173,#1175,#1177,.T.);
#1173 = VERTEX_POINT('',#1174);
#1174 = CARTESIAN_POINT('',(80.,20.,2.4));
#1175 = VERTEX_POINT('',#1176);
#1176 = CARTESIAN_POINT('',(80.,22.968871125851,2.4));
#1177 = LINE('',#1178,#1179);
#1178 = CARTESIAN_POINT('',(80.,11.2,2.4));
#1179 = VECTOR('',#1180,1.);
#1180 = DIRECTION('',(-0.,1.,0.));
#1181 = ORIENTED_EDGE('',*,*,#1182,.T.);
#1182 = EDGE_CURVE('',#1173,#1183,#1185,.T.);
#1183 = VERTEX_POINT('',#1184);
#1184 = CARTESIAN_POINT('',(75.,20.,2.4));
#1185 = LINE('',#1186,#1187);
#1186 = CARTESIAN_POINT('',(39.8,20.,2.4));
#1187 = VECTOR('',#1188,1.);
#1188 = DIRECTION('',(-1.,-0.,0.));
#1189 = ORIENTED_EDGE('',*,*,#1190,.T.);
#1190 = EDGE_CURVE('',#1183,#1191,#1193,.T.);
#1191 = VERTEX_POINT('',#1192);
#1192 = CARTESIAN_POINT('',(75.,58.,2.4));
#1193 = LINE('',#1194,#1195);
#1194 = CARTESIAN_POINT('',(75.,11.2,2.4));
#1195 = VECTOR('',#1196,1.);
#1196 = DIRECTION('',(-0.,1.,0.));
#1197 = ORIENTED_EDGE('',*,*,#1198,.F.);
#1198 = EDGE_CURVE('',#1199,#1191,#1201,.T.);
#1199 = VERTEX_POINT('',#1200);
#1200 = CARTESIAN_POINT('',(80.,58.,2.4));
#1201 = LINE('',#1202,#1203);
#1202 = CARTESIAN_POINT('',(39.8,58.,2.4));
#1203 = VECTOR('',#1204,1.);
#1204 = DIRECTION('',(-1.,-0.,0.));
#1205 = ORIENTED_EDGE('',*,*,#1206,.F.);
#1206 = EDGE_CURVE('',#1207,#1199,#1209,.T.);
#1207 = VERTEX_POINT('',#1208);
#1208 = CARTESIAN_POINT('',(80.,53.031128874149,2.4));
#1209 = LINE('',#1210,#1211);
#1210 = CARTESIAN_POINT('',(80.,11.2,2.4));
#1211 = VECTOR('',#1212,1.);
#1212 = DIRECTION('',(-0.,1.,0.));
#1213 = ORIENTED_EDGE('',*,*,#1214,.F.);
#1214 = EDGE_CURVE('',#1215,#1207,#1217,.T.);
#1215 = VERTEX_POINT('',#1216);
#1216 = CARTESIAN_POINT('',(86.5,49.,2.4));
#1217 = CIRCLE('',#1218,4.5);
#1218 = AXIS2_PLACEMENT_3D('',#1219,#1220,#1221);
#1219 = CARTESIAN_POINT('',(82.,49.,2.4));
#1220 = DIRECTION('',(0.,0.,1.));
#1221 = DIRECTION('',(1.,0.,-0.));
#1222 = ORIENTED_EDGE('',*,*,#1223,.F.);
#1223 = EDGE_CURVE('',#1224,#1215,#1226,.T.);
#1224 = VERTEX_POINT('',#1225);
#1225 = CARTESIAN_POINT('',(80.,44.968871125851,2.4));
#1226 = CIRCLE('',#1227,4.5);
#1227 = AXIS2_PLACEMENT_3D('',#1228,#1229,#1230);
#1228 = CARTESIAN_POINT('',(82.,49.,2.4));
#1229 = DIRECTION('',(0.,0.,1.));
#1230 = DIRECTION('',(1.,0.,-0.));
#1231 = ORIENTED_EDGE('',*,*,#1232,.F.);
#1232 = EDGE_CURVE('',#1233,#1224,#1235,.T.);
#1233 = VERTEX_POINT('',#1234);
#1234 = CARTESIAN_POINT('',(80.,31.031128874149,2.4));
#1235 = LINE('',#1236,#1237);
#1236 = CARTESIAN_POINT('',(80.,11.2,2.4));
#1237 = VECTOR('',#1238,1.);
#1238 = DIRECTION('',(-0.,1.,0.));
#1239 = ORIENTED_EDGE('',*,*,#1240,.F.);
#1240 = EDGE_CURVE('',#1241,#1233,#1243,.T.);
#1241 = VERTEX_POINT('',#1242);
#1242 = CARTESIAN_POINT('',(86.5,27.,2.4));
#1243 = CIRCLE('',#1244,4.5);
#1244 = AXIS2_PLACEMENT_3D('',#1245,#1246,#1247);
#1245 = CARTESIAN_POINT('',(82.,27.,2.4));
#1246 = DIRECTION('',(0.,0.,1.));
#1247 = DIRECTION('',(1.,0.,-0.));
#1248 = ORIENTED_EDGE('',*,*,#1249,.F.);
#1249 = EDGE_CURVE('',#1175,#1241,#1250,.T.);
#1250 = CIRCLE('',#1251,4.5);
#1251 = AXIS2_PLACEMENT_3D('',#1252,#1253,#1254);
#1252 = CARTESIAN_POINT('',(82.,27.,2.4));
#1253 = DIRECTION('',(0.,0.,1.));
#1254 = DIRECTION('',(1.,0.,-0.));
#1255 = FACE_BOUND('',#1256,.T.);
#1256 = EDGE_LOOP('',(#1257));
#1257 = ORIENTED_EDGE('',*,*,#1258,.F.);
#1258 = EDGE_CURVE('',#1259,#1259,#1261,.T.);
#1259 = VERTEX_POINT('',#1260);
#1260 = CARTESIAN_POINT('',(74.,61.5,2.4));
#1261 = CIRCLE('',#1262,3.5);
#1262 = AXIS2_PLACEMENT_3D('',#1263,#1264,#1265);
#1263 = CARTESIAN_POINT('',(70.5,61.5,2.4));
#1264 = DIRECTION('',(0.,0.,1.));
#1265 = DIRECTION('',(1.,0.,-0.));
#1266 = FACE_BOUND('',#1267,.T.);
#1267 = EDGE_LOOP('',(#1268,#1278,#1286,#1294));
#1268 = ORIENTED_EDGE('',*,*,#1269,.T.);
#1269 = EDGE_CURVE('',#1270,#1272,#1274,.T.);
#1270 = VERTEX_POINT('',#1271);
#1271 = CARTESIAN_POINT('',(94.,58.,2.4));
#1272 = VERTEX_POINT('',#1273);
#1273 = CARTESIAN_POINT('',(82.,58.,2.4));
#1274 = LINE('',#1275,#1276);
#1275 = CARTESIAN_POINT('',(43.3,58.,2.4));
#1276 = VECTOR('',#1277,1.);
#1277 = DIRECTION('',(-1.,-0.,0.));
#1278 = ORIENTED_EDGE('',*,*,#1279,.T.);
#1279 = EDGE_CURVE('',#1272,#1280,#1282,.T.);
#1280 = VERTEX_POINT('',#1281);
#1281 = CARTESIAN_POINT('',(82.,66.,2.4));
#1282 = LINE('',#1283,#1284);
#1283 = CARTESIAN_POINT('',(82.,30.2,2.4));
#1284 = VECTOR('',#1285,1.);
#1285 = DIRECTION('',(-0.,1.,0.));
#1286 = ORIENTED_EDGE('',*,*,#1287,.F.);
#1287 = EDGE_CURVE('',#1288,#1280,#1290,.T.);
#1288 = VERTEX_POINT('',#1289);
#1289 = CARTESIAN_POINT('',(94.,66.,2.4));
#1290 = LINE('',#1291,#1292);
#1291 = CARTESIAN_POINT('',(43.3,66.,2.4));
#1292 = VECTOR('',#1293,1.);
#1293 = DIRECTION('',(-1.,-0.,0.));
#1294 = ORIENTED_EDGE('',*,*,#1295,.F.);
#1295 = EDGE_CURVE('',#1270,#1288,#1296,.T.);
#1296 = LINE('',#1297,#1298);
#1297 = CARTESIAN_POINT('',(94.,30.2,2.4));
#1298 = VECTOR('',#1299,1.);
#1299 = DIRECTION('',(-0.,1.,0.));
#1300 = PLANE('',#1301);
#1301 = AXIS2_PLACEMENT_3D('',#1302,#1303,#1304);
#1302 = CARTESIAN_POINT('',(4.6,2.4,2.4));
#1303 = DIRECTION('',(0.,0.,1.));
#1304 = DIRECTION('',(1.,0.,-0.));
#1305 = ADVANCED_FACE('',(#1306),#1369,.T.);
#1306 = FACE_BOUND('',#1307,.T.);
#1307 = EDGE_LOOP('',(#1308,#1318,#1325,#1326,#1333,#1334,#1335,#1344,
    #1353,#1362));
#1308 = ORIENTED_EDGE('',*,*,#1309,.T.);
#1309 = EDGE_CURVE('',#1310,#1312,#1314,.T.);
#1310 = VERTEX_POINT('',#1311);
#1311 = CARTESIAN_POINT('',(101.2,7.,2.4));
#1312 = VERTEX_POINT('',#1313);
#1313 = CARTESIAN_POINT('',(101.2,7.,34.));
#1314 = LINE('',#1315,#1316);
#1315 = CARTESIAN_POINT('',(101.2,7.,2.4));
#1316 = VECTOR('',#1317,1.);
#1317 = DIRECTION('',(0.,0.,1.));
#1318 = ORIENTED_EDGE('',*,*,#1319,.F.);
#1319 = EDGE_CURVE('',#1312,#1312,#1320,.T.);
#1320 = CIRCLE('',#1321,4.2);
#1321 = AXIS2_PLACEMENT_3D('',#1322,#1323,#1324);
#1322 = CARTESIAN_POINT('',(97.,7.,34.));
#1323 = DIRECTION('',(0.,0.,1.));
#1324 = DIRECTION('',(1.,0.,-0.));
#1325 = ORIENTED_EDGE('',*,*,#1309,.F.);
#1326 = ORIENTED_EDGE('',*,*,#1327,.T.);
#1327 = EDGE_CURVE('',#1310,#886,#1328,.T.);
#1328 = CIRCLE('',#1329,4.2);
#1329 = AXIS2_PLACEMENT_3D('',#1330,#1331,#1332);
#1330 = CARTESIAN_POINT('',(97.,7.,2.4));
#1331 = DIRECTION('',(0.,0.,1.));
#1332 = DIRECTION('',(1.,0.,-0.));
#1333 = ORIENTED_EDGE('',*,*,#885,.T.);
#1334 = ORIENTED_EDGE('',*,*,#385,.T.);
#1335 = ORIENTED_EDGE('',*,*,#1336,.T.);
#1336 = EDGE_CURVE('',#377,#1337,#1339,.T.);
#1337 = VERTEX_POINT('',#1338);
#1338 = CARTESIAN_POINT('',(99.4,3.553262412077,2.4));
#1339 = CIRCLE('',#1340,4.2);
#1340 = AXIS2_PLACEMENT_3D('',#1341,#1342,#1343);
#1341 = CARTESIAN_POINT('',(97.,7.,2.4));
#1342 = DIRECTION('',(0.,0.,1.));
#1343 = DIRECTION('',(1.,0.,-0.));
#1344 = ORIENTED_EDGE('',*,*,#1345,.T.);
#1345 = EDGE_CURVE('',#1337,#1346,#1348,.T.);
#1346 = VERTEX_POINT('',#1347);
#1347 = CARTESIAN_POINT('',(100.44673758792,4.6,2.4));
#1348 = CIRCLE('',#1349,4.2);
#1349 = AXIS2_PLACEMENT_3D('',#1350,#1351,#1352);
#1350 = CARTESIAN_POINT('',(97.,7.,2.4));
#1351 = DIRECTION('',(0.,0.,1.));
#1352 = DIRECTION('',(1.,0.,-0.));
#1353 = ORIENTED_EDGE('',*,*,#1354,.T.);
#1354 = EDGE_CURVE('',#1346,#1355,#1357,.T.);
#1355 = VERTEX_POINT('',#1356);
#1356 = CARTESIAN_POINT('',(101.083243725,6.016577058342,2.4));
#1357 = CIRCLE('',#1358,4.2);
#1358 = AXIS2_PLACEMENT_3D('',#1359,#1360,#1361);
#1359 = CARTESIAN_POINT('',(97.,7.,2.4));
#1360 = DIRECTION('',(0.,0.,1.));
#1361 = DIRECTION('',(1.,0.,-0.));
#1362 = ORIENTED_EDGE('',*,*,#1363,.T.);
#1363 = EDGE_CURVE('',#1355,#1310,#1364,.T.);
#1364 = CIRCLE('',#1365,4.2);
#1365 = AXIS2_PLACEMENT_3D('',#1366,#1367,#1368);
#1366 = CARTESIAN_POINT('',(97.,7.,2.4));
#1367 = DIRECTION('',(0.,0.,1.));
#1368 = DIRECTION('',(1.,0.,-0.));
#1369 = CYLINDRICAL_SURFACE('',#1370,4.2);
#1370 = AXIS2_PLACEMENT_3D('',#1371,#1372,#1373);
#1371 = CARTESIAN_POINT('',(97.,7.,2.4));
#1372 = DIRECTION('',(0.,0.,1.));
#1373 = DIRECTION('',(1.,0.,-0.));
#1374 = ADVANCED_FACE('',(#1375),#1385,.T.);
#1375 = FACE_BOUND('',#1376,.T.);
#1376 = EDGE_LOOP('',(#1377,#1378,#1379));
#1377 = ORIENTED_EDGE('',*,*,#1336,.F.);
#1378 = ORIENTED_EDGE('',*,*,#376,.T.);
#1379 = ORIENTED_EDGE('',*,*,#1380,.T.);
#1380 = EDGE_CURVE('',#139,#1337,#1381,.T.);
#1381 = LINE('',#1382,#1383);
#1382 = CARTESIAN_POINT('',(99.4,2.4,2.4));
#1383 = VECTOR('',#1384,1.);
#1384 = DIRECTION('',(-0.,1.,0.));
#1385 = PLANE('',#1386);
#1386 = AXIS2_PLACEMENT_3D('',#1387,#1388,#1389);
#1387 = CARTESIAN_POINT('',(4.6,2.4,2.4));
#1388 = DIRECTION('',(0.,0.,1.));
#1389 = DIRECTION('',(1.,0.,-0.));
#1390 = ADVANCED_FACE('',(#1391),#1402,.T.);
#1391 = FACE_BOUND('',#1392,.T.);
#1392 = EDGE_LOOP('',(#1393,#1394,#1395,#1401));
#1393 = ORIENTED_EDGE('',*,*,#1380,.F.);
#1394 = ORIENTED_EDGE('',*,*,#417,.T.);
#1395 = ORIENTED_EDGE('',*,*,#1396,.F.);
#1396 = EDGE_CURVE('',#1346,#418,#1397,.T.);
#1397 = LINE('',#1398,#1399);
#1398 = CARTESIAN_POINT('',(2.4,4.6,2.4));
#1399 = VECTOR('',#1400,1.);
#1400 = DIRECTION('',(1.,0.,-0.));
#1401 = ORIENTED_EDGE('',*,*,#1345,.F.);
#1402 = PLANE('',#1403);
#1403 = AXIS2_PLACEMENT_3D('',#1404,#1405,#1406);
#1404 = CARTESIAN_POINT('',(99.4,4.6,2.4));
#1405 = DIRECTION('',(0.,0.,1.));
#1406 = DIRECTION('',(1.,0.,-0.));
#1407 = ADVANCED_FACE('',(#1408),#1427,.T.);
#1408 = FACE_BOUND('',#1409,.T.);
#1409 = EDGE_LOOP('',(#1410,#1411,#1420,#1426));
#1410 = ORIENTED_EDGE('',*,*,#470,.F.);
#1411 = ORIENTED_EDGE('',*,*,#1412,.T.);
#1412 = EDGE_CURVE('',#214,#1413,#1415,.T.);
#1413 = VERTEX_POINT('',#1414);
#1414 = CARTESIAN_POINT('',(104.,4.,34.));
#1415 = CIRCLE('',#1416,4.);
#1416 = AXIS2_PLACEMENT_3D('',#1417,#1418,#1419);
#1417 = CARTESIAN_POINT('',(100.,4.,34.));
#1418 = DIRECTION('',(0.,0.,1.));
#1419 = DIRECTION('',(1.,0.,-0.));
#1420 = ORIENTED_EDGE('',*,*,#1421,.F.);
#1421 = EDGE_CURVE('',#435,#1413,#1422,.T.);
#1422 = LINE('',#1423,#1424);
#1423 = CARTESIAN_POINT('',(0.,4.,34.));
#1424 = VECTOR('',#1425,1.);
#1425 = DIRECTION('',(1.,0.,-0.));
#1426 = ORIENTED_EDGE('',*,*,#443,.F.);
#1427 = PLANE('',#1428);
#1428 = AXIS2_PLACEMENT_3D('',#1429,#1430,#1431);
#1429 = CARTESIAN_POINT('',(100.,4.,34.));
#1430 = DIRECTION('',(0.,0.,1.));
#1431 = DIRECTION('',(1.,0.,-0.));
#1432 = ADVANCED_FACE('',(#1433),#1452,.T.);
#1433 = FACE_BOUND('',#1434,.T.);
#1434 = EDGE_LOOP('',(#1435,#1436,#1445,#1451));
#1435 = ORIENTED_EDGE('',*,*,#1421,.T.);
#1436 = ORIENTED_EDGE('',*,*,#1437,.T.);
#1437 = EDGE_CURVE('',#1413,#1438,#1440,.T.);
#1438 = VERTEX_POINT('',#1439);
#1439 = CARTESIAN_POINT('',(101.6,7.666060555965,34.));
#1440 = CIRCLE('',#1441,4.);
#1441 = AXIS2_PLACEMENT_3D('',#1442,#1443,#1444);
#1442 = CARTESIAN_POINT('',(100.,4.,34.));
#1443 = DIRECTION('',(0.,0.,1.));
#1444 = DIRECTION('',(1.,0.,-0.));
#1445 = ORIENTED_EDGE('',*,*,#1446,.F.);
#1446 = EDGE_CURVE('',#427,#1438,#1447,.T.);
#1447 = LINE('',#1448,#1449);
#1448 = CARTESIAN_POINT('',(101.6,4.3,34.));
#1449 = VECTOR('',#1450,1.);
#1450 = DIRECTION('',(-0.,1.,0.));
#1451 = ORIENTED_EDGE('',*,*,#434,.F.);
#1452 = PLANE('',#1453);
#1453 = AXIS2_PLACEMENT_3D('',#1454,#1455,#1456);
#1454 = CARTESIAN_POINT('',(0.,4.,34.));
#1455 = DIRECTION('',(0.,0.,1.));
#1456 = DIRECTION('',(1.,0.,-0.));
#1457 = ADVANCED_FACE('',(#1458,#1492),#1526,.F.);
#1458 = FACE_BOUND('',#1459,.F.);
#1459 = EDGE_LOOP('',(#1460,#1461,#1469,#1477,#1485,#1491));
#1460 = ORIENTED_EDGE('',*,*,#426,.F.);
#1461 = ORIENTED_EDGE('',*,*,#1462,.T.);
#1462 = EDGE_CURVE('',#418,#1463,#1465,.T.);
#1463 = VERTEX_POINT('',#1464);
#1464 = CARTESIAN_POINT('',(101.6,71.4,2.4));
#1465 = LINE('',#1466,#1467);
#1466 = CARTESIAN_POINT('',(101.6,4.6,2.4));
#1467 = VECTOR('',#1468,1.);
#1468 = DIRECTION('',(-0.,1.,0.));
#1469 = ORIENTED_EDGE('',*,*,#1470,.T.);
#1470 = EDGE_CURVE('',#1463,#1471,#1473,.T.);
#1471 = VERTEX_POINT('',#1472);
#1472 = CARTESIAN_POINT('',(101.6,71.4,34.));
#1473 = LINE('',#1474,#1475);
#1474 = CARTESIAN_POINT('',(101.6,71.4,2.4));
#1475 = VECTOR('',#1476,1.);
#1476 = DIRECTION('',(0.,0.,1.));
#1477 = ORIENTED_EDGE('',*,*,#1478,.F.);
#1478 = EDGE_CURVE('',#1479,#1471,#1481,.T.);
#1479 = VERTEX_POINT('',#1480);
#1480 = CARTESIAN_POINT('',(101.6,68.333939444035,34.));
#1481 = LINE('',#1482,#1483);
#1482 = CARTESIAN_POINT('',(101.6,4.3,34.));
#1483 = VECTOR('',#1484,1.);
#1484 = DIRECTION('',(-0.,1.,0.));
#1485 = ORIENTED_EDGE('',*,*,#1486,.F.);
#1486 = EDGE_CURVE('',#1438,#1479,#1487,.T.);
#1487 = LINE('',#1488,#1489);
#1488 = CARTESIAN_POINT('',(101.6,4.3,34.));
#1489 = VECTOR('',#1490,1.);
#1490 = DIRECTION('',(-0.,1.,0.));
#1491 = ORIENTED_EDGE('',*,*,#1446,.F.);
#1492 = FACE_BOUND('',#1493,.F.);
#1493 = EDGE_LOOP('',(#1494,#1504,#1512,#1520));
#1494 = ORIENTED_EDGE('',*,*,#1495,.T.);
#1495 = EDGE_CURVE('',#1496,#1498,#1500,.T.);
#1496 = VERTEX_POINT('',#1497);
#1497 = CARTESIAN_POINT('',(101.6,64.,7.));
#1498 = VERTEX_POINT('',#1499);
#1499 = CARTESIAN_POINT('',(101.6,12.,7.));
#1500 = LINE('',#1501,#1502);
#1501 = CARTESIAN_POINT('',(101.6,8.3,7.));
#1502 = VECTOR('',#1503,1.);
#1503 = DIRECTION('',(0.,-1.,0.));
#1504 = ORIENTED_EDGE('',*,*,#1505,.T.);
#1505 = EDGE_CURVE('',#1498,#1506,#1508,.T.);
#1506 = VERTEX_POINT('',#1507);
#1507 = CARTESIAN_POINT('',(101.6,12.,27.));
#1508 = LINE('',#1509,#1510);
#1509 = CARTESIAN_POINT('',(101.6,12.,4.7));
#1510 = VECTOR('',#1511,1.);
#1511 = DIRECTION('',(0.,0.,1.));
#1512 = ORIENTED_EDGE('',*,*,#1513,.F.);
#1513 = EDGE_CURVE('',#1514,#1506,#1516,.T.);
#1514 = VERTEX_POINT('',#1515);
#1515 = CARTESIAN_POINT('',(101.6,64.,27.));
#1516 = LINE('',#1517,#1518);
#1517 = CARTESIAN_POINT('',(101.6,8.3,27.));
#1518 = VECTOR('',#1519,1.);
#1519 = DIRECTION('',(0.,-1.,0.));
#1520 = ORIENTED_EDGE('',*,*,#1521,.F.);
#1521 = EDGE_CURVE('',#1496,#1514,#1522,.T.);
#1522 = LINE('',#1523,#1524);
#1523 = CARTESIAN_POINT('',(101.6,64.,4.7));
#1524 = VECTOR('',#1525,1.);
#1525 = DIRECTION('',(0.,0.,1.));
#1526 = PLANE('',#1527);
#1527 = AXIS2_PLACEMENT_3D('',#1528,#1529,#1530);
#1528 = CARTESIAN_POINT('',(101.6,4.6,2.4));
#1529 = DIRECTION('',(1.,0.,-0.));
#1530 = DIRECTION('',(0.,0.,1.));
#1531 = ADVANCED_FACE('',(#1532),#1559,.F.);
#1532 = FACE_BOUND('',#1533,.F.);
#1533 = EDGE_LOOP('',(#1534,#1543,#1544,#1553));
#1534 = ORIENTED_EDGE('',*,*,#1535,.F.);
#1535 = EDGE_CURVE('',#272,#1536,#1538,.T.);
#1536 = VERTEX_POINT('',#1537);
#1537 = CARTESIAN_POINT('',(8.,4.,0.));
#1538 = CIRCLE('',#1539,4.);
#1539 = AXIS2_PLACEMENT_3D('',#1540,#1541,#1542);
#1540 = CARTESIAN_POINT('',(4.,4.,0.));
#1541 = DIRECTION('',(0.,0.,1.));
#1542 = DIRECTION('',(1.,0.,-0.));
#1543 = ORIENTED_EDGE('',*,*,#581,.T.);
#1544 = ORIENTED_EDGE('',*,*,#1545,.F.);
#1545 = EDGE_CURVE('',#1546,#582,#1548,.T.);
#1546 = VERTEX_POINT('',#1547);
#1547 = CARTESIAN_POINT('',(96.,4.,0.));
#1548 = CIRCLE('',#1549,4.);
#1549 = AXIS2_PLACEMENT_3D('',#1550,#1551,#1552);
#1550 = CARTESIAN_POINT('',(100.,4.,0.));
#1551 = DIRECTION('',(0.,0.,1.));
#1552 = DIRECTION('',(1.,0.,-0.));
#1553 = ORIENTED_EDGE('',*,*,#1554,.F.);
#1554 = EDGE_CURVE('',#1536,#1546,#1555,.T.);
#1555 = LINE('',#1556,#1557);
#1556 = CARTESIAN_POINT('',(0.,4.,0.));
#1557 = VECTOR('',#1558,1.);
#1558 = DIRECTION('',(1.,0.,-0.));
#1559 = PLANE('',#1560);
#1560 = AXIS2_PLACEMENT_3D('',#1561,#1562,#1563);
#1561 = CARTESIAN_POINT('',(4.,0.,0.));
#1562 = DIRECTION('',(0.,0.,1.));
#1563 = DIRECTION('',(1.,0.,-0.));
#1564 = ADVANCED_FACE('',(#1565),#1584,.T.);
#1565 = FACE_BOUND('',#1566,.T.);
#1566 = EDGE_LOOP('',(#1567,#1568,#1569,#1578));
#1567 = ORIENTED_EDGE('',*,*,#1412,.F.);
#1568 = ORIENTED_EDGE('',*,*,#591,.F.);
#1569 = ORIENTED_EDGE('',*,*,#1570,.T.);
#1570 = EDGE_CURVE('',#582,#1571,#1573,.T.);
#1571 = VERTEX_POINT('',#1572);
#1572 = CARTESIAN_POINT('',(104.,4.,0.));
#1573 = CIRCLE('',#1574,4.);
#1574 = AXIS2_PLACEMENT_3D('',#1575,#1576,#1577);
#1575 = CARTESIAN_POINT('',(100.,4.,0.));
#1576 = DIRECTION('',(0.,0.,1.));
#1577 = DIRECTION('',(1.,0.,-0.));
#1578 = ORIENTED_EDGE('',*,*,#1579,.T.);
#1579 = EDGE_CURVE('',#1571,#1413,#1580,.T.);
#1580 = LINE('',#1581,#1582);
#1581 = CARTESIAN_POINT('',(104.,4.,0.));
#1582 = VECTOR('',#1583,1.);
#1583 = DIRECTION('',(0.,0.,1.));
#1584 = CYLINDRICAL_SURFACE('',#1585,4.);
#1585 = AXIS2_PLACEMENT_3D('',#1586,#1587,#1588);
#1586 = CARTESIAN_POINT('',(100.,4.,0.));
#1587 = DIRECTION('',(0.,0.,1.));
#1588 = DIRECTION('',(1.,0.,-0.));
#1589 = ADVANCED_FACE('',(#1590),#1608,.F.);
#1590 = FACE_BOUND('',#1591,.F.);
#1591 = EDGE_LOOP('',(#1592,#1601,#1602));
#1592 = ORIENTED_EDGE('',*,*,#1593,.T.);
#1593 = EDGE_CURVE('',#1594,#264,#1596,.T.);
#1594 = VERTEX_POINT('',#1595);
#1595 = CARTESIAN_POINT('',(4.,8.,0.));
#1596 = CIRCLE('',#1597,4.);
#1597 = AXIS2_PLACEMENT_3D('',#1598,#1599,#1600);
#1598 = CARTESIAN_POINT('',(4.,4.,0.));
#1599 = DIRECTION('',(0.,0.,1.));
#1600 = DIRECTION('',(1.,0.,-0.));
#1601 = ORIENTED_EDGE('',*,*,#636,.T.);
#1602 = ORIENTED_EDGE('',*,*,#1603,.T.);
#1603 = EDGE_CURVE('',#637,#1594,#1604,.T.);
#1604 = LINE('',#1605,#1606);
#1605 = CARTESIAN_POINT('',(4.,0.,0.));
#1606 = VECTOR('',#1607,1.);
#1607 = DIRECTION('',(-0.,1.,0.));
#1608 = PLANE('',#1609);
#1609 = AXIS2_PLACEMENT_3D('',#1610,#1611,#1612);
#1610 = CARTESIAN_POINT('',(0.,4.,0.));
#1611 = DIRECTION('',(0.,0.,1.));
#1612 = DIRECTION('',(1.,0.,-0.));
#1613 = ADVANCED_FACE('',(#1614),#1624,.F.);
#1614 = FACE_BOUND('',#1615,.F.);
#1615 = EDGE_LOOP('',(#1616,#1617,#1618));
#1616 = ORIENTED_EDGE('',*,*,#645,.F.);
#1617 = ORIENTED_EDGE('',*,*,#1535,.T.);
#1618 = ORIENTED_EDGE('',*,*,#1619,.F.);
#1619 = EDGE_CURVE('',#637,#1536,#1620,.T.);
#1620 = LINE('',#1621,#1622);
#1621 = CARTESIAN_POINT('',(0.,4.,0.));
#1622 = VECTOR('',#1623,1.);
#1623 = DIRECTION('',(1.,0.,-0.));
#1624 = PLANE('',#1625);
#1625 = AXIS2_PLACEMENT_3D('',#1626,#1627,#1628);
#1626 = CARTESIAN_POINT('',(4.,0.,0.));
#1627 = DIRECTION('',(0.,0.,1.));
#1628 = DIRECTION('',(1.,0.,-0.));
#1629 = ADVANCED_FACE('',(#1630),#1657,.T.);
#1630 = FACE_BOUND('',#1631,.T.);
#1631 = EDGE_LOOP('',(#1632,#1641,#1649,#1656));
#1632 = ORIENTED_EDGE('',*,*,#1633,.F.);
#1633 = EDGE_CURVE('',#1634,#612,#1636,.T.);
#1634 = VERTEX_POINT('',#1635);
#1635 = CARTESIAN_POINT('',(4.,76.,34.));
#1636 = CIRCLE('',#1637,4.);
#1637 = AXIS2_PLACEMENT_3D('',#1638,#1639,#1640);
#1638 = CARTESIAN_POINT('',(4.,72.,34.));
#1639 = DIRECTION('',(0.,0.,1.));
#1640 = DIRECTION('',(1.,0.,-0.));
#1641 = ORIENTED_EDGE('',*,*,#1642,.F.);
#1642 = EDGE_CURVE('',#1643,#1634,#1645,.T.);
#1643 = VERTEX_POINT('',#1644);
#1644 = CARTESIAN_POINT('',(4.,76.,0.));
#1645 = LINE('',#1646,#1647);
#1646 = CARTESIAN_POINT('',(4.,76.,0.));
#1647 = VECTOR('',#1648,1.);
#1648 = DIRECTION('',(0.,0.,1.));
#1649 = ORIENTED_EDGE('',*,*,#1650,.T.);
#1650 = EDGE_CURVE('',#1643,#661,#1651,.T.);
#1651 = CIRCLE('',#1652,4.);
#1652 = AXIS2_PLACEMENT_3D('',#1653,#1654,#1655);
#1653 = CARTESIAN_POINT('',(4.,72.,0.));
#1654 = DIRECTION('',(0.,0.,1.));
#1655 = DIRECTION('',(1.,0.,-0.));
#1656 = ORIENTED_EDGE('',*,*,#668,.T.);
#1657 = CYLINDRICAL_SURFACE('',#1658,4.);
#1658 = AXIS2_PLACEMENT_3D('',#1659,#1660,#1661);
#1659 = CARTESIAN_POINT('',(4.,72.,0.));
#1660 = DIRECTION('',(0.,0.,1.));
#1661 = DIRECTION('',(1.,0.,-0.));
#1662 = ADVANCED_FACE('',(#1663),#1682,.F.);
#1663 = FACE_BOUND('',#1664,.F.);
#1664 = EDGE_LOOP('',(#1665,#1674,#1675,#1676));
#1665 = ORIENTED_EDGE('',*,*,#1666,.F.);
#1666 = EDGE_CURVE('',#661,#1667,#1669,.T.);
#1667 = VERTEX_POINT('',#1668);
#1668 = CARTESIAN_POINT('',(4.,68.,0.));
#1669 = CIRCLE('',#1670,4.);
#1670 = AXIS2_PLACEMENT_3D('',#1671,#1672,#1673);
#1671 = CARTESIAN_POINT('',(4.,72.,0.));
#1672 = DIRECTION('',(0.,0.,1.));
#1673 = DIRECTION('',(1.,0.,-0.));
#1674 = ORIENTED_EDGE('',*,*,#660,.F.);
#1675 = ORIENTED_EDGE('',*,*,#1593,.F.);
#1676 = ORIENTED_EDGE('',*,*,#1677,.T.);
#1677 = EDGE_CURVE('',#1594,#1667,#1678,.T.);
#1678 = LINE('',#1679,#1680);
#1679 = CARTESIAN_POINT('',(4.,0.,0.));
#1680 = VECTOR('',#1681,1.);
#1681 = DIRECTION('',(-0.,1.,0.));
#1682 = PLANE('',#1683);
#1683 = AXIS2_PLACEMENT_3D('',#1684,#1685,#1686);
#1684 = CARTESIAN_POINT('',(0.,4.,0.));
#1685 = DIRECTION('',(0.,0.,1.));
#1686 = DIRECTION('',(1.,0.,-0.));
#1687 = ADVANCED_FACE('',(#1688,#1691),#1702,.T.);
#1688 = FACE_BOUND('',#1689,.T.);
#1689 = EDGE_LOOP('',(#1690));
#1690 = ORIENTED_EDGE('',*,*,#718,.T.);
#1691 = FACE_BOUND('',#1692,.T.);
#1692 = EDGE_LOOP('',(#1693));
#1693 = ORIENTED_EDGE('',*,*,#1694,.F.);
#1694 = EDGE_CURVE('',#1695,#1695,#1697,.T.);
#1695 = VERTEX_POINT('',#1696);
#1696 = CARTESIAN_POINT('',(8.35,7.,34.));
#1697 = CIRCLE('',#1698,1.35);
#1698 = AXIS2_PLACEMENT_3D('',#1699,#1700,#1701);
#1699 = CARTESIAN_POINT('',(7.,7.,34.));
#1700 = DIRECTION('',(0.,0.,1.));
#1701 = DIRECTION('',(1.,0.,-0.));
#1702 = PLANE('',#1703);
#1703 = AXIS2_PLACEMENT_3D('',#1704,#1705,#1706);
#1704 = CARTESIAN_POINT('',(7.,7.,34.));
#1705 = DIRECTION('',(0.,0.,1.));
#1706 = DIRECTION('',(1.,0.,-0.));
#1707 = ADVANCED_FACE('',(#1708),#1719,.T.);
#1708 = FACE_BOUND('',#1709,.T.);
#1709 = EDGE_LOOP('',(#1710,#1711,#1717,#1718));
#1710 = ORIENTED_EDGE('',*,*,#831,.F.);
#1711 = ORIENTED_EDGE('',*,*,#1712,.T.);
#1712 = EDGE_CURVE('',#806,#1634,#1713,.T.);
#1713 = LINE('',#1714,#1715);
#1714 = CARTESIAN_POINT('',(4.,0.,34.));
#1715 = VECTOR('',#1716,1.);
#1716 = DIRECTION('',(-0.,1.,0.));
#1717 = ORIENTED_EDGE('',*,*,#1633,.T.);
#1718 = ORIENTED_EDGE('',*,*,#778,.T.);
#1719 = PLANE('',#1720);
#1720 = AXIS2_PLACEMENT_3D('',#1721,#1722,#1723);
#1721 = CARTESIAN_POINT('',(4.,72.,34.));
#1722 = DIRECTION('',(0.,0.,1.));
#1723 = DIRECTION('',(1.,0.,-0.));
#1724 = ADVANCED_FACE('',(#1725),#1744,.T.);
#1725 = FACE_BOUND('',#1726,.T.);
#1726 = EDGE_LOOP('',(#1727,#1728,#1729,#1737));
#1727 = ORIENTED_EDGE('',*,*,#1712,.F.);
#1728 = ORIENTED_EDGE('',*,*,#803,.F.);
#1729 = ORIENTED_EDGE('',*,*,#1730,.F.);
#1730 = EDGE_CURVE('',#1731,#804,#1733,.T.);
#1731 = VERTEX_POINT('',#1732);
#1732 = CARTESIAN_POINT('',(7.666060555965,73.6,34.));
#1733 = LINE('',#1734,#1735);
#1734 = CARTESIAN_POINT('',(4.3,73.6,34.));
#1735 = VECTOR('',#1736,1.);
#1736 = DIRECTION('',(-1.,-0.,0.));
#1737 = ORIENTED_EDGE('',*,*,#1738,.T.);
#1738 = EDGE_CURVE('',#1731,#1634,#1739,.T.);
#1739 = CIRCLE('',#1740,4.);
#1740 = AXIS2_PLACEMENT_3D('',#1741,#1742,#1743);
#1741 = CARTESIAN_POINT('',(4.,72.,34.));
#1742 = DIRECTION('',(0.,0.,1.));
#1743 = DIRECTION('',(1.,0.,-0.));
#1744 = PLANE('',#1745);
#1745 = AXIS2_PLACEMENT_3D('',#1746,#1747,#1748);
#1746 = CARTESIAN_POINT('',(4.,0.,34.));
#1747 = DIRECTION('',(0.,0.,1.));
#1748 = DIRECTION('',(1.,0.,-0.));
#1749 = ADVANCED_FACE('',(#1750),#1776,.T.);
#1750 = FACE_BOUND('',#1751,.T.);
#1751 = EDGE_LOOP('',(#1752,#1763,#1769,#1770));
#1752 = ORIENTED_EDGE('',*,*,#1753,.F.);
#1753 = EDGE_CURVE('',#1754,#1756,#1758,.T.);
#1754 = VERTEX_POINT('',#1755);
#1755 = CARTESIAN_POINT('',(4.6,72.446737587923,2.4));
#1756 = VERTEX_POINT('',#1757);
#1757 = CARTESIAN_POINT('',(3.553262412077,71.4,2.4));
#1758 = CIRCLE('',#1759,4.2);
#1759 = AXIS2_PLACEMENT_3D('',#1760,#1761,#1762);
#1760 = CARTESIAN_POINT('',(7.,69.,2.4));
#1761 = DIRECTION('',(0.,0.,1.));
#1762 = DIRECTION('',(1.,0.,-0.));
#1763 = ORIENTED_EDGE('',*,*,#1764,.T.);
#1764 = EDGE_CURVE('',#1754,#815,#1765,.T.);
#1765 = LINE('',#1766,#1767);
#1766 = CARTESIAN_POINT('',(4.6,2.4,2.4));
#1767 = VECTOR('',#1768,1.);
#1768 = DIRECTION('',(-0.,1.,0.));
#1769 = ORIENTED_EDGE('',*,*,#822,.T.);
#1770 = ORIENTED_EDGE('',*,*,#1771,.T.);
#1771 = EDGE_CURVE('',#328,#1756,#1772,.T.);
#1772 = LINE('',#1773,#1774);
#1773 = CARTESIAN_POINT('',(2.4,71.4,2.4));
#1774 = VECTOR('',#1775,1.);
#1775 = DIRECTION('',(1.,0.,-0.));
#1776 = PLANE('',#1777);
#1777 = AXIS2_PLACEMENT_3D('',#1778,#1779,#1780);
#1778 = CARTESIAN_POINT('',(4.6,71.4,2.4));
#1779 = DIRECTION('',(0.,0.,1.));
#1780 = DIRECTION('',(1.,0.,-0.));
#1781 = ADVANCED_FACE('',(#1782,#1816),#1850,.F.);
#1782 = FACE_BOUND('',#1783,.F.);
#1783 = EDGE_LOOP('',(#1784,#1792,#1793,#1794,#1802,#1810));
#1784 = ORIENTED_EDGE('',*,*,#1785,.F.);
#1785 = EDGE_CURVE('',#815,#1786,#1788,.T.);
#1786 = VERTEX_POINT('',#1787);
#1787 = CARTESIAN_POINT('',(99.4,73.6,2.4));
#1788 = LINE('',#1789,#1790);
#1789 = CARTESIAN_POINT('',(4.6,73.6,2.4));
#1790 = VECTOR('',#1791,1.);
#1791 = DIRECTION('',(1.,0.,-0.));
#1792 = ORIENTED_EDGE('',*,*,#814,.T.);
#1793 = ORIENTED_EDGE('',*,*,#1730,.F.);
#1794 = ORIENTED_EDGE('',*,*,#1795,.F.);
#1795 = EDGE_CURVE('',#1796,#1731,#1798,.T.);
#1796 = VERTEX_POINT('',#1797);
#1797 = CARTESIAN_POINT('',(96.333939444035,73.6,34.));
#1798 = LINE('',#1799,#1800);
#1799 = CARTESIAN_POINT('',(4.3,73.6,34.));
#1800 = VECTOR('',#1801,1.);
#1801 = DIRECTION('',(-1.,-0.,0.));
#1802 = ORIENTED_EDGE('',*,*,#1803,.F.);
#1803 = EDGE_CURVE('',#1804,#1796,#1806,.T.);
#1804 = VERTEX_POINT('',#1805);
#1805 = CARTESIAN_POINT('',(99.4,73.6,34.));
#1806 = LINE('',#1807,#1808);
#1807 = CARTESIAN_POINT('',(4.3,73.6,34.));
#1808 = VECTOR('',#1809,1.);
#1809 = DIRECTION('',(-1.,-0.,0.));
#1810 = ORIENTED_EDGE('',*,*,#1811,.F.);
#1811 = EDGE_CURVE('',#1786,#1804,#1812,.T.);
#1812 = LINE('',#1813,#1814);
#1813 = CARTESIAN_POINT('',(99.4,73.6,2.4));
#1814 = VECTOR('',#1815,1.);
#1815 = DIRECTION('',(0.,0.,1.));
#1816 = FACE_BOUND('',#1817,.F.);
#1817 = EDGE_LOOP('',(#1818,#1828,#1836,#1844));
#1818 = ORIENTED_EDGE('',*,*,#1819,.F.);
#1819 = EDGE_CURVE('',#1820,#1822,#1824,.T.);
#1820 = VERTEX_POINT('',#1821);
#1821 = CARTESIAN_POINT('',(76.,73.6,25.));
#1822 = VERTEX_POINT('',#1823);
#1823 = CARTESIAN_POINT('',(94.,73.6,25.));
#1824 = LINE('',#1825,#1826);
#1825 = CARTESIAN_POINT('',(40.3,73.6,25.));
#1826 = VECTOR('',#1827,1.);
#1827 = DIRECTION('',(1.,0.,-0.));
#1828 = ORIENTED_EDGE('',*,*,#1829,.T.);
#1829 = EDGE_CURVE('',#1820,#1830,#1832,.T.);
#1830 = VERTEX_POINT('',#1831);
#1831 = CARTESIAN_POINT('',(76.,73.6,20.));
#1832 = LINE('',#1833,#1834);
#1833 = CARTESIAN_POINT('',(76.,73.6,11.2));
#1834 = VECTOR('',#1835,1.);
#1835 = DIRECTION('',(-0.,0.,-1.));
#1836 = ORIENTED_EDGE('',*,*,#1837,.T.);
#1837 = EDGE_CURVE('',#1830,#1838,#1840,.T.);
#1838 = VERTEX_POINT('',#1839);
#1839 = CARTESIAN_POINT('',(94.,73.6,20.));
#1840 = LINE('',#1841,#1842);
#1841 = CARTESIAN_POINT('',(40.3,73.6,20.));
#1842 = VECTOR('',#1843,1.);
#1843 = DIRECTION('',(1.,0.,-0.));
#1844 = ORIENTED_EDGE('',*,*,#1845,.F.);
#1845 = EDGE_CURVE('',#1822,#1838,#1846,.T.);
#1846 = LINE('',#1847,#1848);
#1847 = CARTESIAN_POINT('',(94.,73.6,11.2));
#1848 = VECTOR('',#1849,1.);
#1849 = DIRECTION('',(-0.,0.,-1.));
#1850 = PLANE('',#1851);
#1851 = AXIS2_PLACEMENT_3D('',#1852,#1853,#1854);
#1852 = CARTESIAN_POINT('',(4.6,73.6,2.4));
#1853 = DIRECTION('',(-0.,1.,0.));
#1854 = DIRECTION('',(0.,0.,1.));
#1855 = ADVANCED_FACE('',(#1856),#1867,.T.);
#1856 = FACE_BOUND('',#1857,.T.);
#1857 = EDGE_LOOP('',(#1858,#1859,#1860));
#1858 = ORIENTED_EDGE('',*,*,#1771,.F.);
#1859 = ORIENTED_EDGE('',*,*,#846,.T.);
#1860 = ORIENTED_EDGE('',*,*,#1861,.F.);
#1861 = EDGE_CURVE('',#1756,#847,#1862,.T.);
#1862 = CIRCLE('',#1863,4.2);
#1863 = AXIS2_PLACEMENT_3D('',#1864,#1865,#1866);
#1864 = CARTESIAN_POINT('',(7.,69.,2.4));
#1865 = DIRECTION('',(0.,0.,1.));
#1866 = DIRECTION('',(1.,0.,-0.));
#1867 = PLANE('',#1868);
#1868 = AXIS2_PLACEMENT_3D('',#1869,#1870,#1871);
#1869 = CARTESIAN_POINT('',(2.4,4.6,2.4));
#1870 = DIRECTION('',(0.,0.,1.));
#1871 = DIRECTION('',(1.,0.,-0.));
#1872 = ADVANCED_FACE('',(#1873),#1912,.T.);
#1873 = FACE_BOUND('',#1874,.T.);
#1874 = EDGE_LOOP('',(#1875,#1883,#1890,#1891,#1892,#1901,#1908,#1909,
    #1910,#1911));
#1875 = ORIENTED_EDGE('',*,*,#1876,.T.);
#1876 = EDGE_CURVE('',#920,#1877,#1879,.T.);
#1877 = VERTEX_POINT('',#1878);
#1878 = CARTESIAN_POINT('',(11.2,69.,34.));
#1879 = LINE('',#1880,#1881);
#1880 = CARTESIAN_POINT('',(11.2,69.,2.4));
#1881 = VECTOR('',#1882,1.);
#1882 = DIRECTION('',(0.,0.,1.));
#1883 = ORIENTED_EDGE('',*,*,#1884,.F.);
#1884 = EDGE_CURVE('',#1877,#1877,#1885,.T.);
#1885 = CIRCLE('',#1886,4.2);
#1886 = AXIS2_PLACEMENT_3D('',#1887,#1888,#1889);
#1887 = CARTESIAN_POINT('',(7.,69.,34.));
#1888 = DIRECTION('',(0.,0.,1.));
#1889 = DIRECTION('',(1.,0.,-0.));
#1890 = ORIENTED_EDGE('',*,*,#1876,.F.);
#1891 = ORIENTED_EDGE('',*,*,#919,.T.);
#1892 = ORIENTED_EDGE('',*,*,#1893,.T.);
#1893 = EDGE_CURVE('',#912,#1894,#1896,.T.);
#1894 = VERTEX_POINT('',#1895);
#1895 = CARTESIAN_POINT('',(6.016577058342,73.083243725008,2.4));
#1896 = CIRCLE('',#1897,4.2);
#1897 = AXIS2_PLACEMENT_3D('',#1898,#1899,#1900);
#1898 = CARTESIAN_POINT('',(7.,69.,2.4));
#1899 = DIRECTION('',(0.,0.,1.));
#1900 = DIRECTION('',(1.,0.,-0.));
#1901 = ORIENTED_EDGE('',*,*,#1902,.T.);
#1902 = EDGE_CURVE('',#1894,#1754,#1903,.T.);
#1903 = CIRCLE('',#1904,4.2);
#1904 = AXIS2_PLACEMENT_3D('',#1905,#1906,#1907);
#1905 = CARTESIAN_POINT('',(7.,69.,2.4));
#1906 = DIRECTION('',(0.,0.,1.));
#1907 = DIRECTION('',(1.,0.,-0.));
#1908 = ORIENTED_EDGE('',*,*,#1753,.T.);
#1909 = ORIENTED_EDGE('',*,*,#1861,.T.);
#1910 = ORIENTED_EDGE('',*,*,#866,.T.);
#1911 = ORIENTED_EDGE('',*,*,#928,.T.);
#1912 = CYLINDRICAL_SURFACE('',#1913,4.2);
#1913 = AXIS2_PLACEMENT_3D('',#1914,#1915,#1916);
#1914 = CARTESIAN_POINT('',(7.,69.,2.4));
#1915 = DIRECTION('',(0.,0.,1.));
#1916 = DIRECTION('',(1.,0.,-0.));
#1917 = ADVANCED_FACE('',(#1918),#1946,.T.);
#1918 = FACE_BOUND('',#1919,.T.);
#1919 = EDGE_LOOP('',(#1920,#1921,#1928,#1929,#1930,#1939));
#1920 = ORIENTED_EDGE('',*,*,#1785,.F.);
#1921 = ORIENTED_EDGE('',*,*,#1922,.F.);
#1922 = EDGE_CURVE('',#1894,#815,#1923,.T.);
#1923 = CIRCLE('',#1924,2.2);
#1924 = AXIS2_PLACEMENT_3D('',#1925,#1926,#1927);
#1925 = CARTESIAN_POINT('',(4.6,71.4,2.4));
#1926 = DIRECTION('',(0.,0.,1.));
#1927 = DIRECTION('',(1.,0.,-0.));
#1928 = ORIENTED_EDGE('',*,*,#1893,.F.);
#1929 = ORIENTED_EDGE('',*,*,#911,.T.);
#1930 = ORIENTED_EDGE('',*,*,#1931,.F.);
#1931 = EDGE_CURVE('',#1932,#903,#1934,.T.);
#1932 = VERTEX_POINT('',#1933);
#1933 = CARTESIAN_POINT('',(97.983422941658,73.083243725008,2.4));
#1934 = CIRCLE('',#1935,4.2);
#1935 = AXIS2_PLACEMENT_3D('',#1936,#1937,#1938);
#1936 = CARTESIAN_POINT('',(97.,69.,2.4));
#1937 = DIRECTION('',(0.,0.,1.));
#1938 = DIRECTION('',(1.,0.,-0.));
#1939 = ORIENTED_EDGE('',*,*,#1940,.F.);
#1940 = EDGE_CURVE('',#1786,#1932,#1941,.T.);
#1941 = CIRCLE('',#1942,2.2);
#1942 = AXIS2_PLACEMENT_3D('',#1943,#1944,#1945);
#1943 = CARTESIAN_POINT('',(99.4,71.4,2.4));
#1944 = DIRECTION('',(0.,0.,1.));
#1945 = DIRECTION('',(1.,0.,-0.));
#1946 = PLANE('',#1947);
#1947 = AXIS2_PLACEMENT_3D('',#1948,#1949,#1950);
#1948 = CARTESIAN_POINT('',(4.6,2.4,2.4));
#1949 = DIRECTION('',(0.,0.,1.));
#1950 = DIRECTION('',(1.,0.,-0.));
#1951 = ADVANCED_FACE('',(#1952),#2015,.T.);
#1952 = FACE_BOUND('',#1953,.T.);
#1953 = EDGE_LOOP('',(#1954,#1964,#1971,#1972,#1981,#1990,#1999,#2006,
    #2007,#2008));
#1954 = ORIENTED_EDGE('',*,*,#1955,.T.);
#1955 = EDGE_CURVE('',#1956,#1958,#1960,.T.);
#1956 = VERTEX_POINT('',#1957);
#1957 = CARTESIAN_POINT('',(101.2,69.,2.4));
#1958 = VERTEX_POINT('',#1959);
#1959 = CARTESIAN_POINT('',(101.2,69.,34.));
#1960 = LINE('',#1961,#1962);
#1961 = CARTESIAN_POINT('',(101.2,69.,2.4));
#1962 = VECTOR('',#1963,1.);
#1963 = DIRECTION('',(0.,0.,1.));
#1964 = ORIENTED_EDGE('',*,*,#1965,.F.);
#1965 = EDGE_CURVE('',#1958,#1958,#1966,.T.);
#1966 = CIRCLE('',#1967,4.2);
#1967 = AXIS2_PLACEMENT_3D('',#1968,#1969,#1970);
#1968 = CARTESIAN_POINT('',(97.,69.,34.));
#1969 = DIRECTION('',(0.,0.,1.));
#1970 = DIRECTION('',(1.,0.,-0.));
#1971 = ORIENTED_EDGE('',*,*,#1955,.F.);
#1972 = ORIENTED_EDGE('',*,*,#1973,.T.);
#1973 = EDGE_CURVE('',#1956,#1974,#1976,.T.);
#1974 = VERTEX_POINT('',#1975);
#1975 = CARTESIAN_POINT('',(101.083243725,69.983422941658,2.4));
#1976 = CIRCLE('',#1977,4.2);
#1977 = AXIS2_PLACEMENT_3D('',#1978,#1979,#1980);
#1978 = CARTESIAN_POINT('',(97.,69.,2.4));
#1979 = DIRECTION('',(0.,0.,1.));
#1980 = DIRECTION('',(1.,0.,-0.));
#1981 = ORIENTED_EDGE('',*,*,#1982,.T.);
#1982 = EDGE_CURVE('',#1974,#1983,#1985,.T.);
#1983 = VERTEX_POINT('',#1984);
#1984 = CARTESIAN_POINT('',(100.44673758792,71.4,2.4));
#1985 = CIRCLE('',#1986,4.2);
#1986 = AXIS2_PLACEMENT_3D('',#1987,#1988,#1989);
#1987 = CARTESIAN_POINT('',(97.,69.,2.4));
#1988 = DIRECTION('',(0.,0.,1.));
#1989 = DIRECTION('',(1.,0.,-0.));
#1990 = ORIENTED_EDGE('',*,*,#1991,.T.);
#1991 = EDGE_CURVE('',#1983,#1992,#1994,.T.);
#1992 = VERTEX_POINT('',#1993);
#1993 = CARTESIAN_POINT('',(99.4,72.446737587923,2.4));
#1994 = CIRCLE('',#1995,4.2);
#1995 = AXIS2_PLACEMENT_3D('',#1996,#1997,#1998);
#1996 = CARTESIAN_POINT('',(97.,69.,2.4));
#1997 = DIRECTION('',(0.,0.,1.));
#1998 = DIRECTION('',(1.,0.,-0.));
#1999 = ORIENTED_EDGE('',*,*,#2000,.T.);
#2000 = EDGE_CURVE('',#1992,#1932,#2001,.T.);
#2001 = CIRCLE('',#2002,4.2);
#2002 = AXIS2_PLACEMENT_3D('',#2003,#2004,#2005);
#2003 = CARTESIAN_POINT('',(97.,69.,2.4));
#2004 = DIRECTION('',(0.,0.,1.));
#2005 = DIRECTION('',(1.,0.,-0.));
#2006 = ORIENTED_EDGE('',*,*,#1931,.T.);
#2007 = ORIENTED_EDGE('',*,*,#902,.T.);
#2008 = ORIENTED_EDGE('',*,*,#2009,.T.);
#2009 = EDGE_CURVE('',#895,#1956,#2010,.T.);
#2010 = CIRCLE('',#2011,4.2);
#2011 = AXIS2_PLACEMENT_3D('',#2012,#2013,#2014);
#2012 = CARTESIAN_POINT('',(97.,69.,2.4));
#2013 = DIRECTION('',(0.,0.,1.));
#2014 = DIRECTION('',(1.,0.,-0.));
#2015 = CYLINDRICAL_SURFACE('',#2016,4.2);
#2016 = AXIS2_PLACEMENT_3D('',#2017,#2018,#2019);
#2017 = CARTESIAN_POINT('',(97.,69.,2.4));
#2018 = DIRECTION('',(0.,0.,1.));
#2019 = DIRECTION('',(1.,0.,-0.));
#2020 = ADVANCED_FACE('',(#2021),#2043,.T.);
#2021 = FACE_BOUND('',#2022,.T.);
#2022 = EDGE_LOOP('',(#2023,#2030,#2031,#2038,#2039,#2040,#2041,#2042));
#2023 = ORIENTED_EDGE('',*,*,#2024,.F.);
#2024 = EDGE_CURVE('',#418,#1355,#2025,.T.);
#2025 = CIRCLE('',#2026,2.2);
#2026 = AXIS2_PLACEMENT_3D('',#2027,#2028,#2029);
#2027 = CARTESIAN_POINT('',(99.4,4.6,2.4));
#2028 = DIRECTION('',(0.,0.,1.));
#2029 = DIRECTION('',(1.,0.,-0.));
#2030 = ORIENTED_EDGE('',*,*,#1462,.T.);
#2031 = ORIENTED_EDGE('',*,*,#2032,.F.);
#2032 = EDGE_CURVE('',#1974,#1463,#2033,.T.);
#2033 = CIRCLE('',#2034,2.2);
#2034 = AXIS2_PLACEMENT_3D('',#2035,#2036,#2037);
#2035 = CARTESIAN_POINT('',(99.4,71.4,2.4));
#2036 = DIRECTION('',(0.,0.,1.));
#2037 = DIRECTION('',(1.,0.,-0.));
#2038 = ORIENTED_EDGE('',*,*,#1973,.F.);
#2039 = ORIENTED_EDGE('',*,*,#2009,.F.);
#2040 = ORIENTED_EDGE('',*,*,#894,.F.);
#2041 = ORIENTED_EDGE('',*,*,#1327,.F.);
#2042 = ORIENTED_EDGE('',*,*,#1363,.F.);
#2043 = PLANE('',#2044);
#2044 = AXIS2_PLACEMENT_3D('',#2045,#2046,#2047);
#2045 = CARTESIAN_POINT('',(2.4,4.6,2.4));
#2046 = DIRECTION('',(0.,0.,1.));
#2047 = DIRECTION('',(1.,0.,-0.));
#2048 = ADVANCED_FACE('',(#2049),#2068,.T.);
#2049 = FACE_BOUND('',#2050,.T.);
#2050 = EDGE_LOOP('',(#2051,#2060,#2066,#2067));
#2051 = ORIENTED_EDGE('',*,*,#2052,.F.);
#2052 = EDGE_CURVE('',#2053,#2053,#2055,.T.);
#2053 = VERTEX_POINT('',#2054);
#2054 = CARTESIAN_POINT('',(16.,12.5,7.4));
#2055 = CIRCLE('',#2056,3.5);
#2056 = AXIS2_PLACEMENT_3D('',#2057,#2058,#2059);
#2057 = CARTESIAN_POINT('',(12.5,12.5,7.4));
#2058 = DIRECTION('',(0.,0.,1.));
#2059 = DIRECTION('',(1.,0.,-0.));
#2060 = ORIENTED_EDGE('',*,*,#2061,.F.);
#2061 = EDGE_CURVE('',#938,#2053,#2062,.T.);
#2062 = LINE('',#2063,#2064);
#2063 = CARTESIAN_POINT('',(16.,12.5,2.4));
#2064 = VECTOR('',#2065,1.);
#2065 = DIRECTION('',(0.,0.,1.));
#2066 = ORIENTED_EDGE('',*,*,#937,.T.);
#2067 = ORIENTED_EDGE('',*,*,#2061,.T.);
#2068 = CYLINDRICAL_SURFACE('',#2069,3.5);
#2069 = AXIS2_PLACEMENT_3D('',#2070,#2071,#2072);
#2070 = CARTESIAN_POINT('',(12.5,12.5,2.4));
#2071 = DIRECTION('',(0.,0.,1.));
#2072 = DIRECTION('',(1.,0.,-0.));
#2073 = ADVANCED_FACE('',(#2074),#2093,.T.);
#2074 = FACE_BOUND('',#2075,.T.);
#2075 = EDGE_LOOP('',(#2076,#2085,#2091,#2092));
#2076 = ORIENTED_EDGE('',*,*,#2077,.F.);
#2077 = EDGE_CURVE('',#2078,#2078,#2080,.T.);
#2078 = VERTEX_POINT('',#2079);
#2079 = CARTESIAN_POINT('',(74.,12.5,7.4));
#2080 = CIRCLE('',#2081,3.5);
#2081 = AXIS2_PLACEMENT_3D('',#2082,#2083,#2084);
#2082 = CARTESIAN_POINT('',(70.5,12.5,7.4));
#2083 = DIRECTION('',(0.,0.,1.));
#2084 = DIRECTION('',(1.,0.,-0.));
#2085 = ORIENTED_EDGE('',*,*,#2086,.F.);
#2086 = EDGE_CURVE('',#949,#2078,#2087,.T.);
#2087 = LINE('',#2088,#2089);
#2088 = CARTESIAN_POINT('',(74.,12.5,2.4));
#2089 = VECTOR('',#2090,1.);
#2090 = DIRECTION('',(0.,0.,1.));
#2091 = ORIENTED_EDGE('',*,*,#948,.T.);
#2092 = ORIENTED_EDGE('',*,*,#2086,.T.);
#2093 = CYLINDRICAL_SURFACE('',#2094,3.5);
#2094 = AXIS2_PLACEMENT_3D('',#2095,#2096,#2097);
#2095 = CARTESIAN_POINT('',(70.5,12.5,2.4));
#2096 = DIRECTION('',(0.,0.,1.));
#2097 = DIRECTION('',(1.,0.,-0.));
#2098 = ADVANCED_FACE('',(#2099),#2124,.F.);
#2099 = FACE_BOUND('',#2100,.F.);
#2100 = EDGE_LOOP('',(#2101,#2109,#2117,#2123));
#2101 = ORIENTED_EDGE('',*,*,#2102,.F.);
#2102 = EDGE_CURVE('',#2103,#960,#2105,.T.);
#2103 = VERTEX_POINT('',#2104);
#2104 = CARTESIAN_POINT('',(25.,20.,0.));
#2105 = LINE('',#2106,#2107);
#2106 = CARTESIAN_POINT('',(25.,20.,-1.));
#2107 = VECTOR('',#2108,1.);
#2108 = DIRECTION('',(0.,0.,1.));
#2109 = ORIENTED_EDGE('',*,*,#2110,.T.);
#2110 = EDGE_CURVE('',#2103,#2111,#2113,.T.);
#2111 = VERTEX_POINT('',#2112);
#2112 = CARTESIAN_POINT('',(25.,22.968871125851,0.));
#2113 = LINE('',#2114,#2115);
#2114 = CARTESIAN_POINT('',(25.,10.,0.));
#2115 = VECTOR('',#2116,1.);
#2116 = DIRECTION('',(-0.,1.,0.));
#2117 = ORIENTED_EDGE('',*,*,#2118,.T.);
#2118 = EDGE_CURVE('',#2111,#962,#2119,.T.);
#2119 = LINE('',#2120,#2121);
#2120 = CARTESIAN_POINT('',(25.,22.968871125851,0.));
#2121 = VECTOR('',#2122,1.);
#2122 = DIRECTION('',(0.,0.,1.));
#2123 = ORIENTED_EDGE('',*,*,#959,.F.);
#2124 = PLANE('',#2125);
#2125 = AXIS2_PLACEMENT_3D('',#2126,#2127,#2128);
#2126 = CARTESIAN_POINT('',(25.,20.,-1.));
#2127 = DIRECTION('',(1.,0.,-0.));
#2128 = DIRECTION('',(0.,0.,1.));
#2129 = ADVANCED_FACE('',(#2130),#2148,.T.);
#2130 = FACE_BOUND('',#2131,.T.);
#2131 = EDGE_LOOP('',(#2132,#2133,#2141,#2147));
#2132 = ORIENTED_EDGE('',*,*,#2102,.F.);
#2133 = ORIENTED_EDGE('',*,*,#2134,.T.);
#2134 = EDGE_CURVE('',#2103,#2135,#2137,.T.);
#2135 = VERTEX_POINT('',#2136);
#2136 = CARTESIAN_POINT('',(20.,20.,0.));
#2137 = LINE('',#2138,#2139);
#2138 = CARTESIAN_POINT('',(12.,20.,0.));
#2139 = VECTOR('',#2140,1.);
#2140 = DIRECTION('',(-1.,-0.,0.));
#2141 = ORIENTED_EDGE('',*,*,#2142,.T.);
#2142 = EDGE_CURVE('',#2135,#970,#2143,.T.);
#2143 = LINE('',#2144,#2145);
#2144 = CARTESIAN_POINT('',(20.,20.,-1.));
#2145 = VECTOR('',#2146,1.);
#2146 = DIRECTION('',(0.,0.,1.));
#2147 = ORIENTED_EDGE('',*,*,#969,.F.);
#2148 = PLANE('',#2149);
#2149 = AXIS2_PLACEMENT_3D('',#2150,#2151,#2152);
#2150 = CARTESIAN_POINT('',(20.,20.,-1.));
#2151 = DIRECTION('',(-0.,1.,0.));
#2152 = DIRECTION('',(0.,0.,1.));
#2153 = ADVANCED_FACE('',(#2154),#2232,.T.);
#2154 = FACE_BOUND('',#2155,.T.);
#2155 = EDGE_LOOP('',(#2156,#2166,#2173,#2174,#2183,#2191,#2200,#2208,
    #2215,#2216,#2217,#2225));
#2156 = ORIENTED_EDGE('',*,*,#2157,.T.);
#2157 = EDGE_CURVE('',#2158,#2160,#2162,.T.);
#2158 = VERTEX_POINT('',#2159);
#2159 = CARTESIAN_POINT('',(31.5,27.,0.));
#2160 = VERTEX_POINT('',#2161);
#2161 = CARTESIAN_POINT('',(31.5,27.,4.));
#2162 = LINE('',#2163,#2164);
#2163 = CARTESIAN_POINT('',(31.5,27.,0.));
#2164 = VECTOR('',#2165,1.);
#2165 = DIRECTION('',(0.,0.,1.));
#2166 = ORIENTED_EDGE('',*,*,#2167,.F.);
#2167 = EDGE_CURVE('',#2160,#2160,#2168,.T.);
#2168 = CIRCLE('',#2169,4.5);
#2169 = AXIS2_PLACEMENT_3D('',#2170,#2171,#2172);
#2170 = CARTESIAN_POINT('',(27.,27.,4.));
#2171 = DIRECTION('',(0.,0.,1.));
#2172 = DIRECTION('',(1.,0.,-0.));
#2173 = ORIENTED_EDGE('',*,*,#2157,.F.);
#2174 = ORIENTED_EDGE('',*,*,#2175,.T.);
#2175 = EDGE_CURVE('',#2158,#2176,#2178,.T.);
#2176 = VERTEX_POINT('',#2177);
#2177 = CARTESIAN_POINT('',(31.,29.061552812809,0.));
#2178 = CIRCLE('',#2179,4.5);
#2179 = AXIS2_PLACEMENT_3D('',#2180,#2181,#2182);
#2180 = CARTESIAN_POINT('',(27.,27.,0.));
#2181 = DIRECTION('',(0.,0.,1.));
#2182 = DIRECTION('',(1.,0.,-0.));
#2183 = ORIENTED_EDGE('',*,*,#2184,.T.);
#2184 = EDGE_CURVE('',#2176,#2185,#2187,.T.);
#2185 = VERTEX_POINT('',#2186);
#2186 = CARTESIAN_POINT('',(31.,29.061552812809,2.4));
#2187 = LINE('',#2188,#2189);
#2188 = CARTESIAN_POINT('',(31.,29.061552812809,0.));
#2189 = VECTOR('',#2190,1.);
#2190 = DIRECTION('',(0.,0.,1.));
#2191 = ORIENTED_EDGE('',*,*,#2192,.T.);
#2192 = EDGE_CURVE('',#2185,#2193,#2195,.T.);
#2193 = VERTEX_POINT('',#2194);
#2194 = CARTESIAN_POINT('',(25.,31.031128874149,2.4));
#2195 = CIRCLE('',#2196,4.5);
#2196 = AXIS2_PLACEMENT_3D('',#2197,#2198,#2199);
#2197 = CARTESIAN_POINT('',(27.,27.,2.4));
#2198 = DIRECTION('',(0.,0.,1.));
#2199 = DIRECTION('',(1.,0.,-0.));
#2200 = ORIENTED_EDGE('',*,*,#2201,.F.);
#2201 = EDGE_CURVE('',#2202,#2193,#2204,.T.);
#2202 = VERTEX_POINT('',#2203);
#2203 = CARTESIAN_POINT('',(25.,31.031128874149,0.));
#2204 = LINE('',#2205,#2206);
#2205 = CARTESIAN_POINT('',(25.,31.031128874149,0.));
#2206 = VECTOR('',#2207,1.);
#2207 = DIRECTION('',(0.,0.,1.));
#2208 = ORIENTED_EDGE('',*,*,#2209,.T.);
#2209 = EDGE_CURVE('',#2202,#2111,#2210,.T.);
#2210 = CIRCLE('',#2211,4.5);
#2211 = AXIS2_PLACEMENT_3D('',#2212,#2213,#2214);
#2212 = CARTESIAN_POINT('',(27.,27.,0.));
#2213 = DIRECTION('',(0.,0.,1.));
#2214 = DIRECTION('',(1.,0.,-0.));
#2215 = ORIENTED_EDGE('',*,*,#2118,.T.);
#2216 = ORIENTED_EDGE('',*,*,#1050,.T.);
#2217 = ORIENTED_EDGE('',*,*,#2218,.F.);
#2218 = EDGE_CURVE('',#2219,#1043,#2221,.T.);
#2219 = VERTEX_POINT('',#2220);
#2220 = CARTESIAN_POINT('',(31.,24.938447187191,0.));
#2221 = LINE('',#2222,#2223);
#2222 = CARTESIAN_POINT('',(31.,24.938447187191,0.));
#2223 = VECTOR('',#2224,1.);
#2224 = DIRECTION('',(0.,0.,1.));
#2225 = ORIENTED_EDGE('',*,*,#2226,.T.);
#2226 = EDGE_CURVE('',#2219,#2158,#2227,.T.);
#2227 = CIRCLE('',#2228,4.5);
#2228 = AXIS2_PLACEMENT_3D('',#2229,#2230,#2231);
#2229 = CARTESIAN_POINT('',(27.,27.,0.));
#2230 = DIRECTION('',(0.,0.,1.));
#2231 = DIRECTION('',(1.,0.,-0.));
#2232 = CYLINDRICAL_SURFACE('',#2233,4.5);
#2233 = AXIS2_PLACEMENT_3D('',#2234,#2235,#2236);
#2234 = CARTESIAN_POINT('',(27.,27.,0.));
#2235 = DIRECTION('',(0.,0.,1.));
#2236 = DIRECTION('',(1.,0.,-0.));
#2237 = ADVANCED_FACE('',(#2238),#2256,.T.);
#2238 = FACE_BOUND('',#2239,.T.);
#2239 = EDGE_LOOP('',(#2240,#2241,#2249,#2255));
#2240 = ORIENTED_EDGE('',*,*,#2142,.F.);
#2241 = ORIENTED_EDGE('',*,*,#2242,.T.);
#2242 = EDGE_CURVE('',#2135,#2243,#2245,.T.);
#2243 = VERTEX_POINT('',#2244);
#2244 = CARTESIAN_POINT('',(20.,58.,0.));
#2245 = LINE('',#2246,#2247);
#2246 = CARTESIAN_POINT('',(20.,10.,0.));
#2247 = VECTOR('',#2248,1.);
#2248 = DIRECTION('',(-0.,1.,0.));
#2249 = ORIENTED_EDGE('',*,*,#2250,.T.);
#2250 = EDGE_CURVE('',#2243,#978,#2251,.T.);
#2251 = LINE('',#2252,#2253);
#2252 = CARTESIAN_POINT('',(20.,58.,-1.));
#2253 = VECTOR('',#2254,1.);
#2254 = DIRECTION('',(0.,0.,1.));
#2255 = ORIENTED_EDGE('',*,*,#977,.F.);
#2256 = PLANE('',#2257);
#2257 = AXIS2_PLACEMENT_3D('',#2258,#2259,#2260);
#2258 = CARTESIAN_POINT('',(20.,20.,-1.));
#2259 = DIRECTION('',(1.,0.,-0.));
#2260 = DIRECTION('',(0.,0.,1.));
#2261 = ADVANCED_FACE('',(#2262),#2280,.T.);
#2262 = FACE_BOUND('',#2263,.T.);
#2263 = EDGE_LOOP('',(#2264,#2272,#2278,#2279));
#2264 = ORIENTED_EDGE('',*,*,#2265,.F.);
#2265 = EDGE_CURVE('',#2266,#1035,#2268,.T.);
#2266 = VERTEX_POINT('',#2267);
#2267 = CARTESIAN_POINT('',(31.,20.,0.));
#2268 = LINE('',#2269,#2270);
#2269 = CARTESIAN_POINT('',(31.,20.,-1.));
#2270 = VECTOR('',#2271,1.);
#2271 = DIRECTION('',(0.,0.,1.));
#2272 = ORIENTED_EDGE('',*,*,#2273,.T.);
#2273 = EDGE_CURVE('',#2266,#2219,#2274,.T.);
#2274 = LINE('',#2275,#2276);
#2275 = CARTESIAN_POINT('',(31.,10.,0.));
#2276 = VECTOR('',#2277,1.);
#2277 = DIRECTION('',(-0.,1.,0.));
#2278 = ORIENTED_EDGE('',*,*,#2218,.T.);
#2279 = ORIENTED_EDGE('',*,*,#1042,.F.);
#2280 = PLANE('',#2281);
#2281 = AXIS2_PLACEMENT_3D('',#2282,#2283,#2284);
#2282 = CARTESIAN_POINT('',(31.,20.,-1.));
#2283 = DIRECTION('',(1.,0.,-0.));
#2284 = DIRECTION('',(0.,0.,1.));
#2285 = ADVANCED_FACE('',(#2286),#2304,.F.);
#2286 = FACE_BOUND('',#2287,.F.);
#2287 = EDGE_LOOP('',(#2288,#2296,#2302,#2303));
#2288 = ORIENTED_EDGE('',*,*,#2289,.F.);
#2289 = EDGE_CURVE('',#2290,#986,#2292,.T.);
#2290 = VERTEX_POINT('',#2291);
#2291 = CARTESIAN_POINT('',(25.,58.,0.));
#2292 = LINE('',#2293,#2294);
#2293 = CARTESIAN_POINT('',(25.,58.,-1.));
#2294 = VECTOR('',#2295,1.);
#2295 = DIRECTION('',(0.,0.,1.));
#2296 = ORIENTED_EDGE('',*,*,#2297,.T.);
#2297 = EDGE_CURVE('',#2290,#2243,#2298,.T.);
#2298 = LINE('',#2299,#2300);
#2299 = CARTESIAN_POINT('',(12.,58.,0.));
#2300 = VECTOR('',#2301,1.);
#2301 = DIRECTION('',(-1.,-0.,0.));
#2302 = ORIENTED_EDGE('',*,*,#2250,.T.);
#2303 = ORIENTED_EDGE('',*,*,#985,.F.);
#2304 = PLANE('',#2305);
#2305 = AXIS2_PLACEMENT_3D('',#2306,#2307,#2308);
#2306 = CARTESIAN_POINT('',(20.,58.,-1.));
#2307 = DIRECTION('',(-0.,1.,0.));
#2308 = DIRECTION('',(0.,0.,1.));
#2309 = ADVANCED_FACE('',(#2310),#2328,.T.);
#2310 = FACE_BOUND('',#2311,.T.);
#2311 = EDGE_LOOP('',(#2312,#2320,#2326,#2327));
#2312 = ORIENTED_EDGE('',*,*,#2313,.F.);
#2313 = EDGE_CURVE('',#2314,#1027,#2316,.T.);
#2314 = VERTEX_POINT('',#2315);
#2315 = CARTESIAN_POINT('',(36.,20.,0.));
#2316 = LINE('',#2317,#2318);
#2317 = CARTESIAN_POINT('',(36.,20.,-1.));
#2318 = VECTOR('',#2319,1.);
#2319 = DIRECTION('',(0.,0.,1.));
#2320 = ORIENTED_EDGE('',*,*,#2321,.T.);
#2321 = EDGE_CURVE('',#2314,#2266,#2322,.T.);
#2322 = LINE('',#2323,#2324);
#2323 = CARTESIAN_POINT('',(17.5,20.,0.));
#2324 = VECTOR('',#2325,1.);
#2325 = DIRECTION('',(-1.,-0.,0.));
#2326 = ORIENTED_EDGE('',*,*,#2265,.T.);
#2327 = ORIENTED_EDGE('',*,*,#1034,.F.);
#2328 = PLANE('',#2329);
#2329 = AXIS2_PLACEMENT_3D('',#2330,#2331,#2332);
#2330 = CARTESIAN_POINT('',(31.,20.,-1.));
#2331 = DIRECTION('',(-0.,1.,0.));
#2332 = DIRECTION('',(0.,0.,1.));
#2333 = ADVANCED_FACE('',(#2334),#2352,.F.);
#2334 = FACE_BOUND('',#2335,.F.);
#2335 = EDGE_LOOP('',(#2336,#2344,#2350,#2351));
#2336 = ORIENTED_EDGE('',*,*,#2337,.F.);
#2337 = EDGE_CURVE('',#2338,#994,#2340,.T.);
#2338 = VERTEX_POINT('',#2339);
#2339 = CARTESIAN_POINT('',(25.,53.031128874149,0.));
#2340 = LINE('',#2341,#2342);
#2341 = CARTESIAN_POINT('',(25.,53.031128874149,0.));
#2342 = VECTOR('',#2343,1.);
#2343 = DIRECTION('',(0.,0.,1.));
#2344 = ORIENTED_EDGE('',*,*,#2345,.T.);
#2345 = EDGE_CURVE('',#2338,#2290,#2346,.T.);
#2346 = LINE('',#2347,#2348);
#2347 = CARTESIAN_POINT('',(25.,10.,0.));
#2348 = VECTOR('',#2349,1.);
#2349 = DIRECTION('',(-0.,1.,0.));
#2350 = ORIENTED_EDGE('',*,*,#2289,.T.);
#2351 = ORIENTED_EDGE('',*,*,#993,.F.);
#2352 = PLANE('',#2353);
#2353 = AXIS2_PLACEMENT_3D('',#2354,#2355,#2356);
#2354 = CARTESIAN_POINT('',(25.,20.,-1.));
#2355 = DIRECTION('',(1.,0.,-0.));
#2356 = DIRECTION('',(0.,0.,1.));
#2357 = ADVANCED_FACE('',(#2358),#2376,.F.);
#2358 = FACE_BOUND('',#2359,.F.);
#2359 = EDGE_LOOP('',(#2360,#2361,#2369,#2375));
#2360 = ORIENTED_EDGE('',*,*,#2313,.F.);
#2361 = ORIENTED_EDGE('',*,*,#2362,.T.);
#2362 = EDGE_CURVE('',#2314,#2363,#2365,.T.);
#2363 = VERTEX_POINT('',#2364);
#2364 = CARTESIAN_POINT('',(36.,58.,0.));
#2365 = LINE('',#2366,#2367);
#2366 = CARTESIAN_POINT('',(36.,10.,0.));
#2367 = VECTOR('',#2368,1.);
#2368 = DIRECTION('',(-0.,1.,0.));
#2369 = ORIENTED_EDGE('',*,*,#2370,.T.);
#2370 = EDGE_CURVE('',#2363,#1019,#2371,.T.);
#2371 = LINE('',#2372,#2373);
#2372 = CARTESIAN_POINT('',(36.,58.,-1.));
#2373 = VECTOR('',#2374,1.);
#2374 = DIRECTION('',(0.,0.,1.));
#2375 = ORIENTED_EDGE('',*,*,#1026,.F.);
#2376 = PLANE('',#2377);
#2377 = AXIS2_PLACEMENT_3D('',#2378,#2379,#2380);
#2378 = CARTESIAN_POINT('',(36.,20.,-1.));
#2379 = DIRECTION('',(1.,0.,-0.));
#2380 = DIRECTION('',(0.,0.,1.));
#2381 = ADVANCED_FACE('',(#2382),#2460,.T.);
#2382 = FACE_BOUND('',#2383,.T.);
#2383 = EDGE_LOOP('',(#2384,#2394,#2401,#2402,#2411,#2417,#2418,#2419,
    #2428,#2436,#2445,#2453));
#2384 = ORIENTED_EDGE('',*,*,#2385,.T.);
#2385 = EDGE_CURVE('',#2386,#2388,#2390,.T.);
#2386 = VERTEX_POINT('',#2387);
#2387 = CARTESIAN_POINT('',(31.5,49.,0.));
#2388 = VERTEX_POINT('',#2389);
#2389 = CARTESIAN_POINT('',(31.5,49.,4.));
#2390 = LINE('',#2391,#2392);
#2391 = CARTESIAN_POINT('',(31.5,49.,0.));
#2392 = VECTOR('',#2393,1.);
#2393 = DIRECTION('',(0.,0.,1.));
#2394 = ORIENTED_EDGE('',*,*,#2395,.F.);
#2395 = EDGE_CURVE('',#2388,#2388,#2396,.T.);
#2396 = CIRCLE('',#2397,4.5);
#2397 = AXIS2_PLACEMENT_3D('',#2398,#2399,#2400);
#2398 = CARTESIAN_POINT('',(27.,49.,4.));
#2399 = DIRECTION('',(0.,0.,1.));
#2400 = DIRECTION('',(1.,0.,-0.));
#2401 = ORIENTED_EDGE('',*,*,#2385,.F.);
#2402 = ORIENTED_EDGE('',*,*,#2403,.T.);
#2403 = EDGE_CURVE('',#2386,#2404,#2406,.T.);
#2404 = VERTEX_POINT('',#2405);
#2405 = CARTESIAN_POINT('',(31.,51.061552812809,0.));
#2406 = CIRCLE('',#2407,4.5);
#2407 = AXIS2_PLACEMENT_3D('',#2408,#2409,#2410);
#2408 = CARTESIAN_POINT('',(27.,49.,0.));
#2409 = DIRECTION('',(0.,0.,1.));
#2410 = DIRECTION('',(1.,0.,-0.));
#2411 = ORIENTED_EDGE('',*,*,#2412,.T.);
#2412 = EDGE_CURVE('',#2404,#1002,#2413,.T.);
#2413 = LINE('',#2414,#2415);
#2414 = CARTESIAN_POINT('',(31.,51.061552812809,0.));
#2415 = VECTOR('',#2416,1.);
#2416 = DIRECTION('',(0.,0.,1.));
#2417 = ORIENTED_EDGE('',*,*,#1001,.T.);
#2418 = ORIENTED_EDGE('',*,*,#2337,.F.);
#2419 = ORIENTED_EDGE('',*,*,#2420,.T.);
#2420 = EDGE_CURVE('',#2338,#2421,#2423,.T.);
#2421 = VERTEX_POINT('',#2422);
#2422 = CARTESIAN_POINT('',(25.,44.968871125851,0.));
#2423 = CIRCLE('',#2424,4.5);
#2424 = AXIS2_PLACEMENT_3D('',#2425,#2426,#2427);
#2425 = CARTESIAN_POINT('',(27.,49.,0.));
#2426 = DIRECTION('',(0.,0.,1.));
#2427 = DIRECTION('',(1.,0.,-0.));
#2428 = ORIENTED_EDGE('',*,*,#2429,.T.);
#2429 = EDGE_CURVE('',#2421,#2430,#2432,.T.);
#2430 = VERTEX_POINT('',#2431);
#2431 = CARTESIAN_POINT('',(25.,44.968871125851,2.4));
#2432 = LINE('',#2433,#2434);
#2433 = CARTESIAN_POINT('',(25.,44.968871125851,0.));
#2434 = VECTOR('',#2435,1.);
#2435 = DIRECTION('',(0.,0.,1.));
#2436 = ORIENTED_EDGE('',*,*,#2437,.T.);
#2437 = EDGE_CURVE('',#2430,#2438,#2440,.T.);
#2438 = VERTEX_POINT('',#2439);
#2439 = CARTESIAN_POINT('',(31.,46.938447187191,2.4));
#2440 = CIRCLE('',#2441,4.5);
#2441 = AXIS2_PLACEMENT_3D('',#2442,#2443,#2444);
#2442 = CARTESIAN_POINT('',(27.,49.,2.4));
#2443 = DIRECTION('',(0.,0.,1.));
#2444 = DIRECTION('',(1.,0.,-0.));
#2445 = ORIENTED_EDGE('',*,*,#2446,.F.);
#2446 = EDGE_CURVE('',#2447,#2438,#2449,.T.);
#2447 = VERTEX_POINT('',#2448);
#2448 = CARTESIAN_POINT('',(31.,46.938447187191,0.));
#2449 = LINE('',#2450,#2451);
#2450 = CARTESIAN_POINT('',(31.,46.938447187191,0.));
#2451 = VECTOR('',#2452,1.);
#2452 = DIRECTION('',(0.,0.,1.));
#2453 = ORIENTED_EDGE('',*,*,#2454,.T.);
#2454 = EDGE_CURVE('',#2447,#2386,#2455,.T.);
#2455 = CIRCLE('',#2456,4.5);
#2456 = AXIS2_PLACEMENT_3D('',#2457,#2458,#2459);
#2457 = CARTESIAN_POINT('',(27.,49.,0.));
#2458 = DIRECTION('',(0.,0.,1.));
#2459 = DIRECTION('',(1.,0.,-0.));
#2460 = CYLINDRICAL_SURFACE('',#2461,4.5);
#2461 = AXIS2_PLACEMENT_3D('',#2462,#2463,#2464);
#2462 = CARTESIAN_POINT('',(27.,49.,0.));
#2463 = DIRECTION('',(0.,0.,1.));
#2464 = DIRECTION('',(1.,0.,-0.));
#2465 = ADVANCED_FACE('',(#2466),#2484,.F.);
#2466 = FACE_BOUND('',#2467,.F.);
#2467 = EDGE_LOOP('',(#2468,#2469,#2477,#2483));
#2468 = ORIENTED_EDGE('',*,*,#2370,.F.);
#2469 = ORIENTED_EDGE('',*,*,#2470,.T.);
#2470 = EDGE_CURVE('',#2363,#2471,#2473,.T.);
#2471 = VERTEX_POINT('',#2472);
#2472 = CARTESIAN_POINT('',(31.,58.,0.));
#2473 = LINE('',#2474,#2475);
#2474 = CARTESIAN_POINT('',(17.5,58.,0.));
#2475 = VECTOR('',#2476,1.);
#2476 = DIRECTION('',(-1.,-0.,0.));
#2477 = ORIENTED_EDGE('',*,*,#2478,.T.);
#2478 = EDGE_CURVE('',#2471,#1011,#2479,.T.);
#2479 = LINE('',#2480,#2481);
#2480 = CARTESIAN_POINT('',(31.,58.,-1.));
#2481 = VECTOR('',#2482,1.);
#2482 = DIRECTION('',(0.,0.,1.));
#2483 = ORIENTED_EDGE('',*,*,#1018,.F.);
#2484 = PLANE('',#2485);
#2485 = AXIS2_PLACEMENT_3D('',#2486,#2487,#2488);
#2486 = CARTESIAN_POINT('',(31.,58.,-1.));
#2487 = DIRECTION('',(-0.,1.,0.));
#2488 = DIRECTION('',(0.,0.,1.));
#2489 = ADVANCED_FACE('',(#2490),#2501,.T.);
#2490 = FACE_BOUND('',#2491,.T.);
#2491 = EDGE_LOOP('',(#2492,#2493,#2499,#2500));
#2492 = ORIENTED_EDGE('',*,*,#2412,.F.);
#2493 = ORIENTED_EDGE('',*,*,#2494,.T.);
#2494 = EDGE_CURVE('',#2404,#2471,#2495,.T.);
#2495 = LINE('',#2496,#2497);
#2496 = CARTESIAN_POINT('',(31.,10.,0.));
#2497 = VECTOR('',#2498,1.);
#2498 = DIRECTION('',(-0.,1.,0.));
#2499 = ORIENTED_EDGE('',*,*,#2478,.T.);
#2500 = ORIENTED_EDGE('',*,*,#1010,.F.);
#2501 = PLANE('',#2502);
#2502 = AXIS2_PLACEMENT_3D('',#2503,#2504,#2505);
#2503 = CARTESIAN_POINT('',(31.,20.,-1.));
#2504 = DIRECTION('',(1.,0.,-0.));
#2505 = DIRECTION('',(0.,0.,1.));
#2506 = ADVANCED_FACE('',(#2507),#2532,.T.);
#2507 = FACE_BOUND('',#2508,.T.);
#2508 = EDGE_LOOP('',(#2509,#2517,#2525,#2531));
#2509 = ORIENTED_EDGE('',*,*,#2510,.F.);
#2510 = EDGE_CURVE('',#2511,#1060,#2513,.T.);
#2511 = VERTEX_POINT('',#2512);
#2512 = CARTESIAN_POINT('',(47.,20.,0.));
#2513 = LINE('',#2514,#2515);
#2514 = CARTESIAN_POINT('',(47.,20.,-1.));
#2515 = VECTOR('',#2516,1.);
#2516 = DIRECTION('',(0.,0.,1.));
#2517 = ORIENTED_EDGE('',*,*,#2518,.T.);
#2518 = EDGE_CURVE('',#2511,#2519,#2521,.T.);
#2519 = VERTEX_POINT('',#2520);
#2520 = CARTESIAN_POINT('',(42.,20.,0.));
#2521 = LINE('',#2522,#2523);
#2522 = CARTESIAN_POINT('',(23.,20.,0.));
#2523 = VECTOR('',#2524,1.);
#2524 = DIRECTION('',(-1.,-0.,0.));
#2525 = ORIENTED_EDGE('',*,*,#2526,.T.);
#2526 = EDGE_CURVE('',#2519,#1062,#2527,.T.);
#2527 = LINE('',#2528,#2529);
#2528 = CARTESIAN_POINT('',(42.,20.,-1.));
#2529 = VECTOR('',#2530,1.);
#2530 = DIRECTION('',(0.,0.,1.));
#2531 = ORIENTED_EDGE('',*,*,#1059,.F.);
#2532 = PLANE('',#2533);
#2533 = AXIS2_PLACEMENT_3D('',#2534,#2535,#2536);
#2534 = CARTESIAN_POINT('',(42.,20.,-1.));
#2535 = DIRECTION('',(-0.,1.,0.));
#2536 = DIRECTION('',(0.,0.,1.));
#2537 = ADVANCED_FACE('',(#2538),#2556,.F.);
#2538 = FACE_BOUND('',#2539,.F.);
#2539 = EDGE_LOOP('',(#2540,#2541,#2549,#2555));
#2540 = ORIENTED_EDGE('',*,*,#2510,.F.);
#2541 = ORIENTED_EDGE('',*,*,#2542,.T.);
#2542 = EDGE_CURVE('',#2511,#2543,#2545,.T.);
#2543 = VERTEX_POINT('',#2544);
#2544 = CARTESIAN_POINT('',(47.,58.,0.));
#2545 = LINE('',#2546,#2547);
#2546 = CARTESIAN_POINT('',(47.,10.,0.));
#2547 = VECTOR('',#2548,1.);
#2548 = DIRECTION('',(-0.,1.,0.));
#2549 = ORIENTED_EDGE('',*,*,#2550,.T.);
#2550 = EDGE_CURVE('',#2543,#1078,#2551,.T.);
#2551 = LINE('',#2552,#2553);
#2552 = CARTESIAN_POINT('',(47.,58.,-1.));
#2553 = VECTOR('',#2554,1.);
#2554 = DIRECTION('',(0.,0.,1.));
#2555 = ORIENTED_EDGE('',*,*,#1085,.F.);
#2556 = PLANE('',#2557);
#2557 = AXIS2_PLACEMENT_3D('',#2558,#2559,#2560);
#2558 = CARTESIAN_POINT('',(47.,20.,-1.));
#2559 = DIRECTION('',(1.,0.,-0.));
#2560 = DIRECTION('',(0.,0.,1.));
#2561 = ADVANCED_FACE('',(#2562),#2580,.T.);
#2562 = FACE_BOUND('',#2563,.T.);
#2563 = EDGE_LOOP('',(#2564,#2565,#2573,#2579));
#2564 = ORIENTED_EDGE('',*,*,#2526,.F.);
#2565 = ORIENTED_EDGE('',*,*,#2566,.T.);
#2566 = EDGE_CURVE('',#2519,#2567,#2569,.T.);
#2567 = VERTEX_POINT('',#2568);
#2568 = CARTESIAN_POINT('',(42.,58.,0.));
#2569 = LINE('',#2570,#2571);
#2570 = CARTESIAN_POINT('',(42.,10.,0.));
#2571 = VECTOR('',#2572,1.);
#2572 = DIRECTION('',(-0.,1.,0.));
#2573 = ORIENTED_EDGE('',*,*,#2574,.T.);
#2574 = EDGE_CURVE('',#2567,#1070,#2575,.T.);
#2575 = LINE('',#2576,#2577);
#2576 = CARTESIAN_POINT('',(42.,58.,-1.));
#2577 = VECTOR('',#2578,1.);
#2578 = DIRECTION('',(0.,0.,1.));
#2579 = ORIENTED_EDGE('',*,*,#1069,.F.);
#2580 = PLANE('',#2581);
#2581 = AXIS2_PLACEMENT_3D('',#2582,#2583,#2584);
#2582 = CARTESIAN_POINT('',(42.,20.,-1.));
#2583 = DIRECTION('',(1.,0.,-0.));
#2584 = DIRECTION('',(0.,0.,1.));
#2585 = ADVANCED_FACE('',(#2586),#2597,.F.);
#2586 = FACE_BOUND('',#2587,.F.);
#2587 = EDGE_LOOP('',(#2588,#2589,#2595,#2596));
#2588 = ORIENTED_EDGE('',*,*,#2550,.F.);
#2589 = ORIENTED_EDGE('',*,*,#2590,.T.);
#2590 = EDGE_CURVE('',#2543,#2567,#2591,.T.);
#2591 = LINE('',#2592,#2593);
#2592 = CARTESIAN_POINT('',(23.,58.,0.));
#2593 = VECTOR('',#2594,1.);
#2594 = DIRECTION('',(-1.,-0.,0.));
#2595 = ORIENTED_EDGE('',*,*,#2574,.T.);
#2596 = ORIENTED_EDGE('',*,*,#1077,.F.);
#2597 = PLANE('',#2598);
#2598 = AXIS2_PLACEMENT_3D('',#2599,#2600,#2601);
#2599 = CARTESIAN_POINT('',(42.,58.,-1.));
#2600 = DIRECTION('',(-0.,1.,0.));
#2601 = DIRECTION('',(0.,0.,1.));
#2602 = ADVANCED_FACE('',(#2603),#2622,.T.);
#2603 = FACE_BOUND('',#2604,.T.);
#2604 = EDGE_LOOP('',(#2605,#2614,#2620,#2621));
#2605 = ORIENTED_EDGE('',*,*,#2606,.F.);
#2606 = EDGE_CURVE('',#2607,#2607,#2609,.T.);
#2607 = VERTEX_POINT('',#2608);
#2608 = CARTESIAN_POINT('',(16.,61.5,7.4));
#2609 = CIRCLE('',#2610,3.5);
#2610 = AXIS2_PLACEMENT_3D('',#2611,#2612,#2613);
#2611 = CARTESIAN_POINT('',(12.5,61.5,7.4));
#2612 = DIRECTION('',(0.,0.,1.));
#2613 = DIRECTION('',(1.,0.,-0.));
#2614 = ORIENTED_EDGE('',*,*,#2615,.F.);
#2615 = EDGE_CURVE('',#1094,#2607,#2616,.T.);
#2616 = LINE('',#2617,#2618);
#2617 = CARTESIAN_POINT('',(16.,61.5,2.4));
#2618 = VECTOR('',#2619,1.);
#2619 = DIRECTION('',(0.,0.,1.));
#2620 = ORIENTED_EDGE('',*,*,#1093,.T.);
#2621 = ORIENTED_EDGE('',*,*,#2615,.T.);
#2622 = CYLINDRICAL_SURFACE('',#2623,3.5);
#2623 = AXIS2_PLACEMENT_3D('',#2624,#2625,#2626);
#2624 = CARTESIAN_POINT('',(12.5,61.5,2.4));
#2625 = DIRECTION('',(0.,0.,1.));
#2626 = DIRECTION('',(1.,0.,-0.));
#2627 = ADVANCED_FACE('',(#2628),#2653,.T.);
#2628 = FACE_BOUND('',#2629,.T.);
#2629 = EDGE_LOOP('',(#2630,#2638,#2646,#2652));
#2630 = ORIENTED_EDGE('',*,*,#2631,.F.);
#2631 = EDGE_CURVE('',#2632,#1105,#2634,.T.);
#2632 = VERTEX_POINT('',#2633);
#2633 = CARTESIAN_POINT('',(58.,20.,0.));
#2634 = LINE('',#2635,#2636);
#2635 = CARTESIAN_POINT('',(58.,20.,-1.));
#2636 = VECTOR('',#2637,1.);
#2637 = DIRECTION('',(0.,0.,1.));
#2638 = ORIENTED_EDGE('',*,*,#2639,.T.);
#2639 = EDGE_CURVE('',#2632,#2640,#2642,.T.);
#2640 = VERTEX_POINT('',#2641);
#2641 = CARTESIAN_POINT('',(53.,20.,0.));
#2642 = LINE('',#2643,#2644);
#2643 = CARTESIAN_POINT('',(28.5,20.,0.));
#2644 = VECTOR('',#2645,1.);
#2645 = DIRECTION('',(-1.,-0.,0.));
#2646 = ORIENTED_EDGE('',*,*,#2647,.T.);
#2647 = EDGE_CURVE('',#2640,#1107,#2648,.T.);
#2648 = LINE('',#2649,#2650);
#2649 = CARTESIAN_POINT('',(53.,20.,-1.));
#2650 = VECTOR('',#2651,1.);
#2651 = DIRECTION('',(0.,0.,1.));
#2652 = ORIENTED_EDGE('',*,*,#1104,.F.);
#2653 = PLANE('',#2654);
#2654 = AXIS2_PLACEMENT_3D('',#2655,#2656,#2657);
#2655 = CARTESIAN_POINT('',(53.,20.,-1.));
#2656 = DIRECTION('',(-0.,1.,0.));
#2657 = DIRECTION('',(0.,0.,1.));
#2658 = ADVANCED_FACE('',(#2659),#2677,.F.);
#2659 = FACE_BOUND('',#2660,.F.);
#2660 = EDGE_LOOP('',(#2661,#2662,#2670,#2676));
#2661 = ORIENTED_EDGE('',*,*,#2631,.F.);
#2662 = ORIENTED_EDGE('',*,*,#2663,.T.);
#2663 = EDGE_CURVE('',#2632,#2664,#2666,.T.);
#2664 = VERTEX_POINT('',#2665);
#2665 = CARTESIAN_POINT('',(58.,58.,0.));
#2666 = LINE('',#2667,#2668);
#2667 = CARTESIAN_POINT('',(58.,10.,0.));
#2668 = VECTOR('',#2669,1.);
#2669 = DIRECTION('',(-0.,1.,0.));
#2670 = ORIENTED_EDGE('',*,*,#2671,.T.);
#2671 = EDGE_CURVE('',#2664,#1123,#2672,.T.);
#2672 = LINE('',#2673,#2674);
#2673 = CARTESIAN_POINT('',(58.,58.,-1.));
#2674 = VECTOR('',#2675,1.);
#2675 = DIRECTION('',(0.,0.,1.));
#2676 = ORIENTED_EDGE('',*,*,#1130,.F.);
#2677 = PLANE('',#2678);
#2678 = AXIS2_PLACEMENT_3D('',#2679,#2680,#2681);
#2679 = CARTESIAN_POINT('',(58.,20.,-1.));
#2680 = DIRECTION('',(1.,0.,-0.));
#2681 = DIRECTION('',(0.,0.,1.));
#2682 = ADVANCED_FACE('',(#2683),#2701,.T.);
#2683 = FACE_BOUND('',#2684,.T.);
#2684 = EDGE_LOOP('',(#2685,#2686,#2694,#2700));
#2685 = ORIENTED_EDGE('',*,*,#2647,.F.);
#2686 = ORIENTED_EDGE('',*,*,#2687,.T.);
#2687 = EDGE_CURVE('',#2640,#2688,#2690,.T.);
#2688 = VERTEX_POINT('',#2689);
#2689 = CARTESIAN_POINT('',(53.,58.,0.));
#2690 = LINE('',#2691,#2692);
#2691 = CARTESIAN_POINT('',(53.,10.,0.));
#2692 = VECTOR('',#2693,1.);
#2693 = DIRECTION('',(-0.,1.,0.));
#2694 = ORIENTED_EDGE('',*,*,#2695,.T.);
#2695 = EDGE_CURVE('',#2688,#1115,#2696,.T.);
#2696 = LINE('',#2697,#2698);
#2697 = CARTESIAN_POINT('',(53.,58.,-1.));
#2698 = VECTOR('',#2699,1.);
#2699 = DIRECTION('',(0.,0.,1.));
#2700 = ORIENTED_EDGE('',*,*,#1114,.F.);
#2701 = PLANE('',#2702);
#2702 = AXIS2_PLACEMENT_3D('',#2703,#2704,#2705);
#2703 = CARTESIAN_POINT('',(53.,20.,-1.));
#2704 = DIRECTION('',(1.,0.,-0.));
#2705 = DIRECTION('',(0.,0.,1.));
#2706 = ADVANCED_FACE('',(#2707),#2718,.F.);
#2707 = FACE_BOUND('',#2708,.F.);
#2708 = EDGE_LOOP('',(#2709,#2710,#2716,#2717));
#2709 = ORIENTED_EDGE('',*,*,#2671,.F.);
#2710 = ORIENTED_EDGE('',*,*,#2711,.T.);
#2711 = EDGE_CURVE('',#2664,#2688,#2712,.T.);
#2712 = LINE('',#2713,#2714);
#2713 = CARTESIAN_POINT('',(28.5,58.,0.));
#2714 = VECTOR('',#2715,1.);
#2715 = DIRECTION('',(-1.,-0.,0.));
#2716 = ORIENTED_EDGE('',*,*,#2695,.T.);
#2717 = ORIENTED_EDGE('',*,*,#1122,.F.);
#2718 = PLANE('',#2719);
#2719 = AXIS2_PLACEMENT_3D('',#2720,#2721,#2722);
#2720 = CARTESIAN_POINT('',(53.,58.,-1.));
#2721 = DIRECTION('',(-0.,1.,0.));
#2722 = DIRECTION('',(0.,0.,1.));
#2723 = ADVANCED_FACE('',(#2724),#2749,.T.);
#2724 = FACE_BOUND('',#2725,.T.);
#2725 = EDGE_LOOP('',(#2726,#2734,#2742,#2748));
#2726 = ORIENTED_EDGE('',*,*,#2727,.F.);
#2727 = EDGE_CURVE('',#2728,#1139,#2730,.T.);
#2728 = VERTEX_POINT('',#2729);
#2729 = CARTESIAN_POINT('',(69.,20.,0.));
#2730 = LINE('',#2731,#2732);
#2731 = CARTESIAN_POINT('',(69.,20.,-1.));
#2732 = VECTOR('',#2733,1.);
#2733 = DIRECTION('',(0.,0.,1.));
#2734 = ORIENTED_EDGE('',*,*,#2735,.T.);
#2735 = EDGE_CURVE('',#2728,#2736,#2738,.T.);
#2736 = VERTEX_POINT('',#2737);
#2737 = CARTESIAN_POINT('',(64.,20.,0.));
#2738 = LINE('',#2739,#2740);
#2739 = CARTESIAN_POINT('',(34.,20.,0.));
#2740 = VECTOR('',#2741,1.);
#2741 = DIRECTION('',(-1.,-0.,0.));
#2742 = ORIENTED_EDGE('',*,*,#2743,.T.);
#2743 = EDGE_CURVE('',#2736,#1141,#2744,.T.);
#2744 = LINE('',#2745,#2746);
#2745 = CARTESIAN_POINT('',(64.,20.,-1.));
#2746 = VECTOR('',#2747,1.);
#2747 = DIRECTION('',(0.,0.,1.));
#2748 = ORIENTED_EDGE('',*,*,#1138,.F.);
#2749 = PLANE('',#2750);
#2750 = AXIS2_PLACEMENT_3D('',#2751,#2752,#2753);
#2751 = CARTESIAN_POINT('',(64.,20.,-1.));
#2752 = DIRECTION('',(-0.,1.,0.));
#2753 = DIRECTION('',(0.,0.,1.));
#2754 = ADVANCED_FACE('',(#2755),#2773,.F.);
#2755 = FACE_BOUND('',#2756,.F.);
#2756 = EDGE_LOOP('',(#2757,#2758,#2766,#2772));
#2757 = ORIENTED_EDGE('',*,*,#2727,.F.);
#2758 = ORIENTED_EDGE('',*,*,#2759,.T.);
#2759 = EDGE_CURVE('',#2728,#2760,#2762,.T.);
#2760 = VERTEX_POINT('',#2761);
#2761 = CARTESIAN_POINT('',(69.,58.,0.));
#2762 = LINE('',#2763,#2764);
#2763 = CARTESIAN_POINT('',(69.,10.,0.));
#2764 = VECTOR('',#2765,1.);
#2765 = DIRECTION('',(-0.,1.,0.));
#2766 = ORIENTED_EDGE('',*,*,#2767,.T.);
#2767 = EDGE_CURVE('',#2760,#1157,#2768,.T.);
#2768 = LINE('',#2769,#2770);
#2769 = CARTESIAN_POINT('',(69.,58.,-1.));
#2770 = VECTOR('',#2771,1.);
#2771 = DIRECTION('',(0.,0.,1.));
#2772 = ORIENTED_EDGE('',*,*,#1164,.F.);
#2773 = PLANE('',#2774);
#2774 = AXIS2_PLACEMENT_3D('',#2775,#2776,#2777);
#2775 = CARTESIAN_POINT('',(69.,20.,-1.));
#2776 = DIRECTION('',(1.,0.,-0.));
#2777 = DIRECTION('',(0.,0.,1.));
#2778 = ADVANCED_FACE('',(#2779),#2797,.T.);
#2779 = FACE_BOUND('',#2780,.T.);
#2780 = EDGE_LOOP('',(#2781,#2782,#2790,#2796));
#2781 = ORIENTED_EDGE('',*,*,#2743,.F.);
#2782 = ORIENTED_EDGE('',*,*,#2783,.T.);
#2783 = EDGE_CURVE('',#2736,#2784,#2786,.T.);
#2784 = VERTEX_POINT('',#2785);
#2785 = CARTESIAN_POINT('',(64.,58.,0.));
#2786 = LINE('',#2787,#2788);
#2787 = CARTESIAN_POINT('',(64.,10.,0.));
#2788 = VECTOR('',#2789,1.);
#2789 = DIRECTION('',(-0.,1.,0.));
#2790 = ORIENTED_EDGE('',*,*,#2791,.T.);
#2791 = EDGE_CURVE('',#2784,#1149,#2792,.T.);
#2792 = LINE('',#2793,#2794);
#2793 = CARTESIAN_POINT('',(64.,58.,-1.));
#2794 = VECTOR('',#2795,1.);
#2795 = DIRECTION('',(0.,0.,1.));
#2796 = ORIENTED_EDGE('',*,*,#1148,.F.);
#2797 = PLANE('',#2798);
#2798 = AXIS2_PLACEMENT_3D('',#2799,#2800,#2801);
#2799 = CARTESIAN_POINT('',(64.,20.,-1.));
#2800 = DIRECTION('',(1.,0.,-0.));
#2801 = DIRECTION('',(0.,0.,1.));
#2802 = ADVANCED_FACE('',(#2803),#2814,.F.);
#2803 = FACE_BOUND('',#2804,.F.);
#2804 = EDGE_LOOP('',(#2805,#2806,#2812,#2813));
#2805 = ORIENTED_EDGE('',*,*,#2767,.F.);
#2806 = ORIENTED_EDGE('',*,*,#2807,.T.);
#2807 = EDGE_CURVE('',#2760,#2784,#2808,.T.);
#2808 = LINE('',#2809,#2810);
#2809 = CARTESIAN_POINT('',(34.,58.,0.));
#2810 = VECTOR('',#2811,1.);
#2811 = DIRECTION('',(-1.,-0.,0.));
#2812 = ORIENTED_EDGE('',*,*,#2791,.T.);
#2813 = ORIENTED_EDGE('',*,*,#1156,.F.);
#2814 = PLANE('',#2815);
#2815 = AXIS2_PLACEMENT_3D('',#2816,#2817,#2818);
#2816 = CARTESIAN_POINT('',(64.,58.,-1.));
#2817 = DIRECTION('',(-0.,1.,0.));
#2818 = DIRECTION('',(0.,0.,1.));
#2819 = ADVANCED_FACE('',(#2820),#2845,.F.);
#2820 = FACE_BOUND('',#2821,.F.);
#2821 = EDGE_LOOP('',(#2822,#2830,#2838,#2844));
#2822 = ORIENTED_EDGE('',*,*,#2823,.F.);
#2823 = EDGE_CURVE('',#2824,#1173,#2826,.T.);
#2824 = VERTEX_POINT('',#2825);
#2825 = CARTESIAN_POINT('',(80.,20.,0.));
#2826 = LINE('',#2827,#2828);
#2827 = CARTESIAN_POINT('',(80.,20.,-1.));
#2828 = VECTOR('',#2829,1.);
#2829 = DIRECTION('',(0.,0.,1.));
#2830 = ORIENTED_EDGE('',*,*,#2831,.T.);
#2831 = EDGE_CURVE('',#2824,#2832,#2834,.T.);
#2832 = VERTEX_POINT('',#2833);
#2833 = CARTESIAN_POINT('',(80.,22.968871125851,0.));
#2834 = LINE('',#2835,#2836);
#2835 = CARTESIAN_POINT('',(80.,10.,0.));
#2836 = VECTOR('',#2837,1.);
#2837 = DIRECTION('',(-0.,1.,0.));
#2838 = ORIENTED_EDGE('',*,*,#2839,.T.);
#2839 = EDGE_CURVE('',#2832,#1175,#2840,.T.);
#2840 = LINE('',#2841,#2842);
#2841 = CARTESIAN_POINT('',(80.,22.968871125851,0.));
#2842 = VECTOR('',#2843,1.);
#2843 = DIRECTION('',(0.,0.,1.));
#2844 = ORIENTED_EDGE('',*,*,#1172,.F.);
#2845 = PLANE('',#2846);
#2846 = AXIS2_PLACEMENT_3D('',#2847,#2848,#2849);
#2847 = CARTESIAN_POINT('',(80.,20.,-1.));
#2848 = DIRECTION('',(1.,0.,-0.));
#2849 = DIRECTION('',(0.,0.,1.));
#2850 = ADVANCED_FACE('',(#2851),#2869,.T.);
#2851 = FACE_BOUND('',#2852,.T.);
#2852 = EDGE_LOOP('',(#2853,#2854,#2862,#2868));
#2853 = ORIENTED_EDGE('',*,*,#2823,.F.);
#2854 = ORIENTED_EDGE('',*,*,#2855,.T.);
#2855 = EDGE_CURVE('',#2824,#2856,#2858,.T.);
#2856 = VERTEX_POINT('',#2857);
#2857 = CARTESIAN_POINT('',(75.,20.,0.));
#2858 = LINE('',#2859,#2860);
#2859 = CARTESIAN_POINT('',(39.5,20.,0.));
#2860 = VECTOR('',#2861,1.);
#2861 = DIRECTION('',(-1.,-0.,0.));
#2862 = ORIENTED_EDGE('',*,*,#2863,.T.);
#2863 = EDGE_CURVE('',#2856,#1183,#2864,.T.);
#2864 = LINE('',#2865,#2866);
#2865 = CARTESIAN_POINT('',(75.,20.,-1.));
#2866 = VECTOR('',#2867,1.);
#2867 = DIRECTION('',(0.,0.,1.));
#2868 = ORIENTED_EDGE('',*,*,#1182,.F.);
#2869 = PLANE('',#2870);
#2870 = AXIS2_PLACEMENT_3D('',#2871,#2872,#2873);
#2871 = CARTESIAN_POINT('',(75.,20.,-1.));
#2872 = DIRECTION('',(-0.,1.,0.));
#2873 = DIRECTION('',(0.,0.,1.));
#2874 = ADVANCED_FACE('',(#2875),#2911,.T.);
#2875 = FACE_BOUND('',#2876,.T.);
#2876 = EDGE_LOOP('',(#2877,#2885,#2892,#2893,#2894,#2902,#2909,#2910));
#2877 = ORIENTED_EDGE('',*,*,#2878,.T.);
#2878 = EDGE_CURVE('',#1241,#2879,#2881,.T.);
#2879 = VERTEX_POINT('',#2880);
#2880 = CARTESIAN_POINT('',(86.5,27.,4.));
#2881 = LINE('',#2882,#2883);
#2882 = CARTESIAN_POINT('',(86.5,27.,0.));
#2883 = VECTOR('',#2884,1.);
#2884 = DIRECTION('',(0.,0.,1.));
#2885 = ORIENTED_EDGE('',*,*,#2886,.F.);
#2886 = EDGE_CURVE('',#2879,#2879,#2887,.T.);
#2887 = CIRCLE('',#2888,4.5);
#2888 = AXIS2_PLACEMENT_3D('',#2889,#2890,#2891);
#2889 = CARTESIAN_POINT('',(82.,27.,4.));
#2890 = DIRECTION('',(0.,0.,1.));
#2891 = DIRECTION('',(1.,0.,-0.));
#2892 = ORIENTED_EDGE('',*,*,#2878,.F.);
#2893 = ORIENTED_EDGE('',*,*,#1240,.T.);
#2894 = ORIENTED_EDGE('',*,*,#2895,.F.);
#2895 = EDGE_CURVE('',#2896,#1233,#2898,.T.);
#2896 = VERTEX_POINT('',#2897);
#2897 = CARTESIAN_POINT('',(80.,31.031128874149,0.));
#2898 = LINE('',#2899,#2900);
#2899 = CARTESIAN_POINT('',(80.,31.031128874149,0.));
#2900 = VECTOR('',#2901,1.);
#2901 = DIRECTION('',(0.,0.,1.));
#2902 = ORIENTED_EDGE('',*,*,#2903,.T.);
#2903 = EDGE_CURVE('',#2896,#2832,#2904,.T.);
#2904 = CIRCLE('',#2905,4.5);
#2905 = AXIS2_PLACEMENT_3D('',#2906,#2907,#2908);
#2906 = CARTESIAN_POINT('',(82.,27.,0.));
#2907 = DIRECTION('',(0.,0.,1.));
#2908 = DIRECTION('',(1.,0.,-0.));
#2909 = ORIENTED_EDGE('',*,*,#2839,.T.);
#2910 = ORIENTED_EDGE('',*,*,#1249,.T.);
#2911 = CYLINDRICAL_SURFACE('',#2912,4.5);
#2912 = AXIS2_PLACEMENT_3D('',#2913,#2914,#2915);
#2913 = CARTESIAN_POINT('',(82.,27.,0.));
#2914 = DIRECTION('',(0.,0.,1.));
#2915 = DIRECTION('',(1.,0.,-0.));
#2916 = ADVANCED_FACE('',(#2917),#2935,.T.);
#2917 = FACE_BOUND('',#2918,.T.);
#2918 = EDGE_LOOP('',(#2919,#2920,#2928,#2934));
#2919 = ORIENTED_EDGE('',*,*,#2863,.F.);
#2920 = ORIENTED_EDGE('',*,*,#2921,.T.);
#2921 = EDGE_CURVE('',#2856,#2922,#2924,.T.);
#2922 = VERTEX_POINT('',#2923);
#2923 = CARTESIAN_POINT('',(75.,58.,0.));
#2924 = LINE('',#2925,#2926);
#2925 = CARTESIAN_POINT('',(75.,10.,0.));
#2926 = VECTOR('',#2927,1.);
#2927 = DIRECTION('',(-0.,1.,0.));
#2928 = ORIENTED_EDGE('',*,*,#2929,.T.);
#2929 = EDGE_CURVE('',#2922,#1191,#2930,.T.);
#2930 = LINE('',#2931,#2932);
#2931 = CARTESIAN_POINT('',(75.,58.,-1.));
#2932 = VECTOR('',#2933,1.);
#2933 = DIRECTION('',(0.,0.,1.));
#2934 = ORIENTED_EDGE('',*,*,#1190,.F.);
#2935 = PLANE('',#2936);
#2936 = AXIS2_PLACEMENT_3D('',#2937,#2938,#2939);
#2937 = CARTESIAN_POINT('',(75.,20.,-1.));
#2938 = DIRECTION('',(1.,0.,-0.));
#2939 = DIRECTION('',(0.,0.,1.));
#2940 = ADVANCED_FACE('',(#2941),#2959,.F.);
#2941 = FACE_BOUND('',#2942,.F.);
#2942 = EDGE_LOOP('',(#2943,#2951,#2957,#2958));
#2943 = ORIENTED_EDGE('',*,*,#2944,.F.);
#2944 = EDGE_CURVE('',#2945,#1199,#2947,.T.);
#2945 = VERTEX_POINT('',#2946);
#2946 = CARTESIAN_POINT('',(80.,58.,0.));
#2947 = LINE('',#2948,#2949);
#2948 = CARTESIAN_POINT('',(80.,58.,-1.));
#2949 = VECTOR('',#2950,1.);
#2950 = DIRECTION('',(0.,0.,1.));
#2951 = ORIENTED_EDGE('',*,*,#2952,.T.);
#2952 = EDGE_CURVE('',#2945,#2922,#2953,.T.);
#2953 = LINE('',#2954,#2955);
#2954 = CARTESIAN_POINT('',(39.5,58.,0.));
#2955 = VECTOR('',#2956,1.);
#2956 = DIRECTION('',(-1.,-0.,0.));
#2957 = ORIENTED_EDGE('',*,*,#2929,.T.);
#2958 = ORIENTED_EDGE('',*,*,#1198,.F.);
#2959 = PLANE('',#2960);
#2960 = AXIS2_PLACEMENT_3D('',#2961,#2962,#2963);
#2961 = CARTESIAN_POINT('',(75.,58.,-1.));
#2962 = DIRECTION('',(-0.,1.,0.));
#2963 = DIRECTION('',(0.,0.,1.));
#2964 = ADVANCED_FACE('',(#2965),#2983,.F.);
#2965 = FACE_BOUND('',#2966,.F.);
#2966 = EDGE_LOOP('',(#2967,#2968,#2976,#2982));
#2967 = ORIENTED_EDGE('',*,*,#2895,.F.);
#2968 = ORIENTED_EDGE('',*,*,#2969,.T.);
#2969 = EDGE_CURVE('',#2896,#2970,#2972,.T.);
#2970 = VERTEX_POINT('',#2971);
#2971 = CARTESIAN_POINT('',(80.,44.968871125851,0.));
#2972 = LINE('',#2973,#2974);
#2973 = CARTESIAN_POINT('',(80.,10.,0.));
#2974 = VECTOR('',#2975,1.);
#2975 = DIRECTION('',(-0.,1.,0.));
#2976 = ORIENTED_EDGE('',*,*,#2977,.T.);
#2977 = EDGE_CURVE('',#2970,#1224,#2978,.T.);
#2978 = LINE('',#2979,#2980);
#2979 = CARTESIAN_POINT('',(80.,44.968871125851,0.));
#2980 = VECTOR('',#2981,1.);
#2981 = DIRECTION('',(0.,0.,1.));
#2982 = ORIENTED_EDGE('',*,*,#1232,.F.);
#2983 = PLANE('',#2984);
#2984 = AXIS2_PLACEMENT_3D('',#2985,#2986,#2987);
#2985 = CARTESIAN_POINT('',(80.,20.,-1.));
#2986 = DIRECTION('',(1.,0.,-0.));
#2987 = DIRECTION('',(0.,0.,1.));
#2988 = ADVANCED_FACE('',(#2989),#3007,.F.);
#2989 = FACE_BOUND('',#2990,.F.);
#2990 = EDGE_LOOP('',(#2991,#2999,#3005,#3006));
#2991 = ORIENTED_EDGE('',*,*,#2992,.F.);
#2992 = EDGE_CURVE('',#2993,#1207,#2995,.T.);
#2993 = VERTEX_POINT('',#2994);
#2994 = CARTESIAN_POINT('',(80.,53.031128874149,0.));
#2995 = LINE('',#2996,#2997);
#2996 = CARTESIAN_POINT('',(80.,53.031128874149,0.));
#2997 = VECTOR('',#2998,1.);
#2998 = DIRECTION('',(0.,0.,1.));
#2999 = ORIENTED_EDGE('',*,*,#3000,.T.);
#3000 = EDGE_CURVE('',#2993,#2945,#3001,.T.);
#3001 = LINE('',#3002,#3003);
#3002 = CARTESIAN_POINT('',(80.,10.,0.));
#3003 = VECTOR('',#3004,1.);
#3004 = DIRECTION('',(-0.,1.,0.));
#3005 = ORIENTED_EDGE('',*,*,#2944,.T.);
#3006 = ORIENTED_EDGE('',*,*,#1206,.F.);
#3007 = PLANE('',#3008);
#3008 = AXIS2_PLACEMENT_3D('',#3009,#3010,#3011);
#3009 = CARTESIAN_POINT('',(80.,20.,-1.));
#3010 = DIRECTION('',(1.,0.,-0.));
#3011 = DIRECTION('',(0.,0.,1.));
#3012 = ADVANCED_FACE('',(#3013),#3042,.T.);
#3013 = FACE_BOUND('',#3014,.T.);
#3014 = EDGE_LOOP('',(#3015,#3023,#3030,#3031,#3032,#3033,#3040,#3041));
#3015 = ORIENTED_EDGE('',*,*,#3016,.T.);
#3016 = EDGE_CURVE('',#1215,#3017,#3019,.T.);
#3017 = VERTEX_POINT('',#3018);
#3018 = CARTESIAN_POINT('',(86.5,49.,4.));
#3019 = LINE('',#3020,#3021);
#3020 = CARTESIAN_POINT('',(86.5,49.,0.));
#3021 = VECTOR('',#3022,1.);
#3022 = DIRECTION('',(0.,0.,1.));
#3023 = ORIENTED_EDGE('',*,*,#3024,.F.);
#3024 = EDGE_CURVE('',#3017,#3017,#3025,.T.);
#3025 = CIRCLE('',#3026,4.5);
#3026 = AXIS2_PLACEMENT_3D('',#3027,#3028,#3029);
#3027 = CARTESIAN_POINT('',(82.,49.,4.));
#3028 = DIRECTION('',(0.,0.,1.));
#3029 = DIRECTION('',(1.,0.,-0.));
#3030 = ORIENTED_EDGE('',*,*,#3016,.F.);
#3031 = ORIENTED_EDGE('',*,*,#1214,.T.);
#3032 = ORIENTED_EDGE('',*,*,#2992,.F.);
#3033 = ORIENTED_EDGE('',*,*,#3034,.T.);
#3034 = EDGE_CURVE('',#2993,#2970,#3035,.T.);
#3035 = CIRCLE('',#3036,4.5);
#3036 = AXIS2_PLACEMENT_3D('',#3037,#3038,#3039);
#3037 = CARTESIAN_POINT('',(82.,49.,0.));
#3038 = DIRECTION('',(0.,0.,1.));
#3039 = DIRECTION('',(1.,0.,-0.));
#3040 = ORIENTED_EDGE('',*,*,#2977,.T.);
#3041 = ORIENTED_EDGE('',*,*,#1223,.T.);
#3042 = CYLINDRICAL_SURFACE('',#3043,4.5);
#3043 = AXIS2_PLACEMENT_3D('',#3044,#3045,#3046);
#3044 = CARTESIAN_POINT('',(82.,49.,0.));
#3045 = DIRECTION('',(0.,0.,1.));
#3046 = DIRECTION('',(1.,0.,-0.));
#3047 = ADVANCED_FACE('',(#3048),#3067,.T.);
#3048 = FACE_BOUND('',#3049,.T.);
#3049 = EDGE_LOOP('',(#3050,#3059,#3065,#3066));
#3050 = ORIENTED_EDGE('',*,*,#3051,.F.);
#3051 = EDGE_CURVE('',#3052,#3052,#3054,.T.);
#3052 = VERTEX_POINT('',#3053);
#3053 = CARTESIAN_POINT('',(74.,61.5,7.4));
#3054 = CIRCLE('',#3055,3.5);
#3055 = AXIS2_PLACEMENT_3D('',#3056,#3057,#3058);
#3056 = CARTESIAN_POINT('',(70.5,61.5,7.4));
#3057 = DIRECTION('',(0.,0.,1.));
#3058 = DIRECTION('',(1.,0.,-0.));
#3059 = ORIENTED_EDGE('',*,*,#3060,.F.);
#3060 = EDGE_CURVE('',#1259,#3052,#3061,.T.);
#3061 = LINE('',#3062,#3063);
#3062 = CARTESIAN_POINT('',(74.,61.5,2.4));
#3063 = VECTOR('',#3064,1.);
#3064 = DIRECTION('',(0.,0.,1.));
#3065 = ORIENTED_EDGE('',*,*,#1258,.T.);
#3066 = ORIENTED_EDGE('',*,*,#3060,.T.);
#3067 = CYLINDRICAL_SURFACE('',#3068,3.5);
#3068 = AXIS2_PLACEMENT_3D('',#3069,#3070,#3071);
#3069 = CARTESIAN_POINT('',(70.5,61.5,2.4));
#3070 = DIRECTION('',(0.,0.,1.));
#3071 = DIRECTION('',(1.,0.,-0.));
#3072 = ADVANCED_FACE('',(#3073),#3098,.T.);
#3073 = FACE_BOUND('',#3074,.T.);
#3074 = EDGE_LOOP('',(#3075,#3083,#3091,#3097));
#3075 = ORIENTED_EDGE('',*,*,#3076,.F.);
#3076 = EDGE_CURVE('',#3077,#1270,#3079,.T.);
#3077 = VERTEX_POINT('',#3078);
#3078 = CARTESIAN_POINT('',(94.,58.,0.));
#3079 = LINE('',#3080,#3081);
#3080 = CARTESIAN_POINT('',(94.,58.,-1.));
#3081 = VECTOR('',#3082,1.);
#3082 = DIRECTION('',(0.,0.,1.));
#3083 = ORIENTED_EDGE('',*,*,#3084,.T.);
#3084 = EDGE_CURVE('',#3077,#3085,#3087,.T.);
#3085 = VERTEX_POINT('',#3086);
#3086 = CARTESIAN_POINT('',(82.,58.,0.));
#3087 = LINE('',#3088,#3089);
#3088 = CARTESIAN_POINT('',(43.,58.,0.));
#3089 = VECTOR('',#3090,1.);
#3090 = DIRECTION('',(-1.,-0.,0.));
#3091 = ORIENTED_EDGE('',*,*,#3092,.T.);
#3092 = EDGE_CURVE('',#3085,#1272,#3093,.T.);
#3093 = LINE('',#3094,#3095);
#3094 = CARTESIAN_POINT('',(82.,58.,-1.));
#3095 = VECTOR('',#3096,1.);
#3096 = DIRECTION('',(0.,0.,1.));
#3097 = ORIENTED_EDGE('',*,*,#1269,.F.);
#3098 = PLANE('',#3099);
#3099 = AXIS2_PLACEMENT_3D('',#3100,#3101,#3102);
#3100 = CARTESIAN_POINT('',(82.,58.,-1.));
#3101 = DIRECTION('',(-0.,1.,0.));
#3102 = DIRECTION('',(0.,0.,1.));
#3103 = ADVANCED_FACE('',(#3104),#3122,.F.);
#3104 = FACE_BOUND('',#3105,.F.);
#3105 = EDGE_LOOP('',(#3106,#3107,#3115,#3121));
#3106 = ORIENTED_EDGE('',*,*,#3076,.F.);
#3107 = ORIENTED_EDGE('',*,*,#3108,.T.);
#3108 = EDGE_CURVE('',#3077,#3109,#3111,.T.);
#3109 = VERTEX_POINT('',#3110);
#3110 = CARTESIAN_POINT('',(94.,66.,0.));
#3111 = LINE('',#3112,#3113);
#3112 = CARTESIAN_POINT('',(94.,29.,0.));
#3113 = VECTOR('',#3114,1.);
#3114 = DIRECTION('',(-0.,1.,0.));
#3115 = ORIENTED_EDGE('',*,*,#3116,.T.);
#3116 = EDGE_CURVE('',#3109,#1288,#3117,.T.);
#3117 = LINE('',#3118,#3119);
#3118 = CARTESIAN_POINT('',(94.,66.,-1.));
#3119 = VECTOR('',#3120,1.);
#3120 = DIRECTION('',(0.,0.,1.));
#3121 = ORIENTED_EDGE('',*,*,#1295,.F.);
#3122 = PLANE('',#3123);
#3123 = AXIS2_PLACEMENT_3D('',#3124,#3125,#3126);
#3124 = CARTESIAN_POINT('',(94.,58.,-1.));
#3125 = DIRECTION('',(1.,0.,-0.));
#3126 = DIRECTION('',(0.,0.,1.));
#3127 = ADVANCED_FACE('',(#3128),#3146,.T.);
#3128 = FACE_BOUND('',#3129,.T.);
#3129 = EDGE_LOOP('',(#3130,#3131,#3139,#3145));
#3130 = ORIENTED_EDGE('',*,*,#3092,.F.);
#3131 = ORIENTED_EDGE('',*,*,#3132,.T.);
#3132 = EDGE_CURVE('',#3085,#3133,#3135,.T.);
#3133 = VERTEX_POINT('',#3134);
#3134 = CARTESIAN_POINT('',(82.,66.,0.));
#3135 = LINE('',#3136,#3137);
#3136 = CARTESIAN_POINT('',(82.,29.,0.));
#3137 = VECTOR('',#3138,1.);
#3138 = DIRECTION('',(-0.,1.,0.));
#3139 = ORIENTED_EDGE('',*,*,#3140,.T.);
#3140 = EDGE_CURVE('',#3133,#1280,#3141,.T.);
#3141 = LINE('',#3142,#3143);
#3142 = CARTESIAN_POINT('',(82.,66.,-1.));
#3143 = VECTOR('',#3144,1.);
#3144 = DIRECTION('',(0.,0.,1.));
#3145 = ORIENTED_EDGE('',*,*,#1279,.F.);
#3146 = PLANE('',#3147);
#3147 = AXIS2_PLACEMENT_3D('',#3148,#3149,#3150);
#3148 = CARTESIAN_POINT('',(82.,58.,-1.));
#3149 = DIRECTION('',(1.,0.,-0.));
#3150 = DIRECTION('',(0.,0.,1.));
#3151 = ADVANCED_FACE('',(#3152),#3163,.F.);
#3152 = FACE_BOUND('',#3153,.F.);
#3153 = EDGE_LOOP('',(#3154,#3155,#3161,#3162));
#3154 = ORIENTED_EDGE('',*,*,#3116,.F.);
#3155 = ORIENTED_EDGE('',*,*,#3156,.T.);
#3156 = EDGE_CURVE('',#3109,#3133,#3157,.T.);
#3157 = LINE('',#3158,#3159);
#3158 = CARTESIAN_POINT('',(43.,66.,0.));
#3159 = VECTOR('',#3160,1.);
#3160 = DIRECTION('',(-1.,-0.,0.));
#3161 = ORIENTED_EDGE('',*,*,#3140,.T.);
#3162 = ORIENTED_EDGE('',*,*,#1287,.F.);
#3163 = PLANE('',#3164);
#3164 = AXIS2_PLACEMENT_3D('',#3165,#3166,#3167);
#3165 = CARTESIAN_POINT('',(82.,66.,-1.));
#3166 = DIRECTION('',(-0.,1.,0.));
#3167 = DIRECTION('',(0.,0.,1.));
#3168 = ADVANCED_FACE('',(#3169),#3174,.T.);
#3169 = FACE_BOUND('',#3170,.T.);
#3170 = EDGE_LOOP('',(#3171,#3172,#3173));
#3171 = ORIENTED_EDGE('',*,*,#1396,.T.);
#3172 = ORIENTED_EDGE('',*,*,#2024,.T.);
#3173 = ORIENTED_EDGE('',*,*,#1354,.F.);
#3174 = PLANE('',#3175);
#3175 = AXIS2_PLACEMENT_3D('',#3176,#3177,#3178);
#3176 = CARTESIAN_POINT('',(2.4,4.6,2.4));
#3177 = DIRECTION('',(0.,0.,1.));
#3178 = DIRECTION('',(1.,0.,-0.));
#3179 = ADVANCED_FACE('',(#3180,#3183),#3194,.T.);
#3180 = FACE_BOUND('',#3181,.T.);
#3181 = EDGE_LOOP('',(#3182));
#3182 = ORIENTED_EDGE('',*,*,#1319,.T.);
#3183 = FACE_BOUND('',#3184,.T.);
#3184 = EDGE_LOOP('',(#3185));
#3185 = ORIENTED_EDGE('',*,*,#3186,.F.);
#3186 = EDGE_CURVE('',#3187,#3187,#3189,.T.);
#3187 = VERTEX_POINT('',#3188);
#3188 = CARTESIAN_POINT('',(98.35,7.,34.));
#3189 = CIRCLE('',#3190,1.35);
#3190 = AXIS2_PLACEMENT_3D('',#3191,#3192,#3193);
#3191 = CARTESIAN_POINT('',(97.,7.,34.));
#3192 = DIRECTION('',(0.,0.,1.));
#3193 = DIRECTION('',(1.,0.,-0.));
#3194 = PLANE('',#3195);
#3195 = AXIS2_PLACEMENT_3D('',#3196,#3197,#3198);
#3196 = CARTESIAN_POINT('',(97.,7.,34.));
#3197 = DIRECTION('',(0.,0.,1.));
#3198 = DIRECTION('',(1.,0.,-0.));
#3199 = ADVANCED_FACE('',(#3200),#3219,.T.);
#3200 = FACE_BOUND('',#3201,.T.);
#3201 = EDGE_LOOP('',(#3202,#3203,#3211,#3218));
#3202 = ORIENTED_EDGE('',*,*,#1437,.F.);
#3203 = ORIENTED_EDGE('',*,*,#3204,.T.);
#3204 = EDGE_CURVE('',#1413,#3205,#3207,.T.);
#3205 = VERTEX_POINT('',#3206);
#3206 = CARTESIAN_POINT('',(104.,72.,34.));
#3207 = LINE('',#3208,#3209);
#3208 = CARTESIAN_POINT('',(104.,4.,34.));
#3209 = VECTOR('',#3210,1.);
#3210 = DIRECTION('',(-0.,1.,0.));
#3211 = ORIENTED_EDGE('',*,*,#3212,.F.);
#3212 = EDGE_CURVE('',#1479,#3205,#3213,.T.);
#3213 = CIRCLE('',#3214,4.);
#3214 = AXIS2_PLACEMENT_3D('',#3215,#3216,#3217);
#3215 = CARTESIAN_POINT('',(100.,72.,34.));
#3216 = DIRECTION('',(0.,0.,1.));
#3217 = DIRECTION('',(1.,0.,-0.));
#3218 = ORIENTED_EDGE('',*,*,#1486,.F.);
#3219 = PLANE('',#3220);
#3220 = AXIS2_PLACEMENT_3D('',#3221,#3222,#3223);
#3221 = CARTESIAN_POINT('',(0.,4.,34.));
#3222 = DIRECTION('',(0.,0.,1.));
#3223 = DIRECTION('',(1.,0.,-0.));
#3224 = ADVANCED_FACE('',(#3225),#3261,.F.);
#3225 = FACE_BOUND('',#3226,.F.);
#3226 = EDGE_LOOP('',(#3227,#3236,#3237,#3244,#3245,#3254));
#3227 = ORIENTED_EDGE('',*,*,#3228,.F.);
#3228 = EDGE_CURVE('',#1471,#3229,#3231,.T.);
#3229 = VERTEX_POINT('',#3230);
#3230 = CARTESIAN_POINT('',(101.51660104885,72.,34.));
#3231 = CIRCLE('',#3232,2.2);
#3232 = AXIS2_PLACEMENT_3D('',#3233,#3234,#3235);
#3233 = CARTESIAN_POINT('',(99.4,71.4,34.));
#3234 = DIRECTION('',(0.,0.,1.));
#3235 = DIRECTION('',(1.,0.,-0.));
#3236 = ORIENTED_EDGE('',*,*,#1470,.F.);
#3237 = ORIENTED_EDGE('',*,*,#3238,.T.);
#3238 = EDGE_CURVE('',#1463,#1786,#3239,.T.);
#3239 = CIRCLE('',#3240,2.2);
#3240 = AXIS2_PLACEMENT_3D('',#3241,#3242,#3243);
#3241 = CARTESIAN_POINT('',(99.4,71.4,2.4));
#3242 = DIRECTION('',(0.,0.,1.));
#3243 = DIRECTION('',(1.,0.,-0.));
#3244 = ORIENTED_EDGE('',*,*,#1811,.T.);
#3245 = ORIENTED_EDGE('',*,*,#3246,.F.);
#3246 = EDGE_CURVE('',#3247,#1804,#3249,.T.);
#3247 = VERTEX_POINT('',#3248);
#3248 = CARTESIAN_POINT('',(100.,73.516601048851,34.));
#3249 = CIRCLE('',#3250,2.2);
#3250 = AXIS2_PLACEMENT_3D('',#3251,#3252,#3253);
#3251 = CARTESIAN_POINT('',(99.4,71.4,34.));
#3252 = DIRECTION('',(0.,0.,1.));
#3253 = DIRECTION('',(1.,0.,-0.));
#3254 = ORIENTED_EDGE('',*,*,#3255,.F.);
#3255 = EDGE_CURVE('',#3229,#3247,#3256,.T.);
#3256 = CIRCLE('',#3257,2.2);
#3257 = AXIS2_PLACEMENT_3D('',#3258,#3259,#3260);
#3258 = CARTESIAN_POINT('',(99.4,71.4,34.));
#3259 = DIRECTION('',(0.,0.,1.));
#3260 = DIRECTION('',(1.,0.,-0.));
#3261 = CYLINDRICAL_SURFACE('',#3262,2.2);
#3262 = AXIS2_PLACEMENT_3D('',#3263,#3264,#3265);
#3263 = CARTESIAN_POINT('',(99.4,71.4,2.4));
#3264 = DIRECTION('',(0.,0.,1.));
#3265 = DIRECTION('',(1.,0.,-0.));
#3266 = ADVANCED_FACE('',(#3267),#3278,.T.);
#3267 = FACE_BOUND('',#3268,.T.);
#3268 = EDGE_LOOP('',(#3269,#3275,#3276,#3277));
#3269 = ORIENTED_EDGE('',*,*,#3270,.F.);
#3270 = EDGE_CURVE('',#3229,#3205,#3271,.T.);
#3271 = LINE('',#3272,#3273);
#3272 = CARTESIAN_POINT('',(0.,72.,34.));
#3273 = VECTOR('',#3274,1.);
#3274 = DIRECTION('',(1.,0.,-0.));
#3275 = ORIENTED_EDGE('',*,*,#3228,.F.);
#3276 = ORIENTED_EDGE('',*,*,#1478,.F.);
#3277 = ORIENTED_EDGE('',*,*,#3212,.T.);
#3278 = PLANE('',#3279);
#3279 = AXIS2_PLACEMENT_3D('',#3280,#3281,#3282);
#3280 = CARTESIAN_POINT('',(0.,4.,34.));
#3281 = DIRECTION('',(0.,0.,1.));
#3282 = DIRECTION('',(1.,0.,-0.));
#3283 = ADVANCED_FACE('',(#3284),#3309,.T.);
#3284 = FACE_BOUND('',#3285,.T.);
#3285 = EDGE_LOOP('',(#3286,#3294,#3295,#3303));
#3286 = ORIENTED_EDGE('',*,*,#3287,.F.);
#3287 = EDGE_CURVE('',#1496,#3288,#3290,.T.);
#3288 = VERTEX_POINT('',#3289);
#3289 = CARTESIAN_POINT('',(104.,64.,7.));
#3290 = LINE('',#3291,#3292);
#3291 = CARTESIAN_POINT('',(100.6,64.,7.));
#3292 = VECTOR('',#3293,1.);
#3293 = DIRECTION('',(1.,0.,-0.));
#3294 = ORIENTED_EDGE('',*,*,#1495,.T.);
#3295 = ORIENTED_EDGE('',*,*,#3296,.T.);
#3296 = EDGE_CURVE('',#1498,#3297,#3299,.T.);
#3297 = VERTEX_POINT('',#3298);
#3298 = CARTESIAN_POINT('',(104.,12.,7.));
#3299 = LINE('',#3300,#3301);
#3300 = CARTESIAN_POINT('',(100.6,12.,7.));
#3301 = VECTOR('',#3302,1.);
#3302 = DIRECTION('',(1.,0.,-0.));
#3303 = ORIENTED_EDGE('',*,*,#3304,.F.);
#3304 = EDGE_CURVE('',#3288,#3297,#3305,.T.);
#3305 = LINE('',#3306,#3307);
#3306 = CARTESIAN_POINT('',(104.,8.,7.));
#3307 = VECTOR('',#3308,1.);
#3308 = DIRECTION('',(0.,-1.,0.));
#3309 = PLANE('',#3310);
#3310 = AXIS2_PLACEMENT_3D('',#3311,#3312,#3313);
#3311 = CARTESIAN_POINT('',(100.6,12.,7.));
#3312 = DIRECTION('',(0.,0.,1.));
#3313 = DIRECTION('',(1.,0.,-0.));
#3314 = ADVANCED_FACE('',(#3315),#3333,.F.);
#3315 = FACE_BOUND('',#3316,.F.);
#3316 = EDGE_LOOP('',(#3317,#3318,#3319,#3327));
#3317 = ORIENTED_EDGE('',*,*,#3287,.F.);
#3318 = ORIENTED_EDGE('',*,*,#1521,.T.);
#3319 = ORIENTED_EDGE('',*,*,#3320,.T.);
#3320 = EDGE_CURVE('',#1514,#3321,#3323,.T.);
#3321 = VERTEX_POINT('',#3322);
#3322 = CARTESIAN_POINT('',(104.,64.,27.));
#3323 = LINE('',#3324,#3325);
#3324 = CARTESIAN_POINT('',(100.6,64.,27.));
#3325 = VECTOR('',#3326,1.);
#3326 = DIRECTION('',(1.,0.,-0.));
#3327 = ORIENTED_EDGE('',*,*,#3328,.F.);
#3328 = EDGE_CURVE('',#3288,#3321,#3329,.T.);
#3329 = LINE('',#3330,#3331);
#3330 = CARTESIAN_POINT('',(104.,64.,3.5));
#3331 = VECTOR('',#3332,1.);
#3332 = DIRECTION('',(0.,0.,1.));
#3333 = PLANE('',#3334);
#3334 = AXIS2_PLACEMENT_3D('',#3335,#3336,#3337);
#3335 = CARTESIAN_POINT('',(100.6,64.,7.));
#3336 = DIRECTION('',(-0.,1.,0.));
#3337 = DIRECTION('',(0.,0.,1.));
#3338 = ADVANCED_FACE('',(#3339),#3357,.F.);
#3339 = FACE_BOUND('',#3340,.F.);
#3340 = EDGE_LOOP('',(#3341,#3342,#3343,#3351));
#3341 = ORIENTED_EDGE('',*,*,#3320,.F.);
#3342 = ORIENTED_EDGE('',*,*,#1513,.T.);
#3343 = ORIENTED_EDGE('',*,*,#3344,.T.);
#3344 = EDGE_CURVE('',#1506,#3345,#3347,.T.);
#3345 = VERTEX_POINT('',#3346);
#3346 = CARTESIAN_POINT('',(104.,12.,27.));
#3347 = LINE('',#3348,#3349);
#3348 = CARTESIAN_POINT('',(100.6,12.,27.));
#3349 = VECTOR('',#3350,1.);
#3350 = DIRECTION('',(1.,0.,-0.));
#3351 = ORIENTED_EDGE('',*,*,#3352,.F.);
#3352 = EDGE_CURVE('',#3321,#3345,#3353,.T.);
#3353 = LINE('',#3354,#3355);
#3354 = CARTESIAN_POINT('',(104.,8.,27.));
#3355 = VECTOR('',#3356,1.);
#3356 = DIRECTION('',(0.,-1.,0.));
#3357 = PLANE('',#3358);
#3358 = AXIS2_PLACEMENT_3D('',#3359,#3360,#3361);
#3359 = CARTESIAN_POINT('',(100.6,12.,27.));
#3360 = DIRECTION('',(0.,0.,1.));
#3361 = DIRECTION('',(1.,0.,-0.));
#3362 = ADVANCED_FACE('',(#3363),#3374,.T.);
#3363 = FACE_BOUND('',#3364,.T.);
#3364 = EDGE_LOOP('',(#3365,#3366,#3367,#3368));
#3365 = ORIENTED_EDGE('',*,*,#3296,.F.);
#3366 = ORIENTED_EDGE('',*,*,#1505,.T.);
#3367 = ORIENTED_EDGE('',*,*,#3344,.T.);
#3368 = ORIENTED_EDGE('',*,*,#3369,.F.);
#3369 = EDGE_CURVE('',#3297,#3345,#3370,.T.);
#3370 = LINE('',#3371,#3372);
#3371 = CARTESIAN_POINT('',(104.,12.,3.5));
#3372 = VECTOR('',#3373,1.);
#3373 = DIRECTION('',(0.,0.,1.));
#3374 = PLANE('',#3375);
#3375 = AXIS2_PLACEMENT_3D('',#3376,#3377,#3378);
#3376 = CARTESIAN_POINT('',(100.6,12.,7.));
#3377 = DIRECTION('',(-0.,1.,0.));
#3378 = DIRECTION('',(0.,0.,1.));
#3379 = ADVANCED_FACE('',(#3380,#3432,#3458,#3464,#3470,#3476,#3516),
  #3522,.F.);
#3380 = FACE_BOUND('',#3381,.F.);
#3381 = EDGE_LOOP('',(#3382,#3383,#3390,#3391,#3400,#3408,#3417,#3425));
#3382 = ORIENTED_EDGE('',*,*,#1677,.F.);
#3383 = ORIENTED_EDGE('',*,*,#3384,.F.);
#3384 = EDGE_CURVE('',#1536,#1594,#3385,.T.);
#3385 = CIRCLE('',#3386,4.);
#3386 = AXIS2_PLACEMENT_3D('',#3387,#3388,#3389);
#3387 = CARTESIAN_POINT('',(4.,4.,0.));
#3388 = DIRECTION('',(0.,0.,1.));
#3389 = DIRECTION('',(1.,0.,-0.));
#3390 = ORIENTED_EDGE('',*,*,#1554,.T.);
#3391 = ORIENTED_EDGE('',*,*,#3392,.F.);
#3392 = EDGE_CURVE('',#3393,#1546,#3395,.T.);
#3393 = VERTEX_POINT('',#3394);
#3394 = CARTESIAN_POINT('',(100.,8.,0.));
#3395 = CIRCLE('',#3396,4.);
#3396 = AXIS2_PLACEMENT_3D('',#3397,#3398,#3399);
#3397 = CARTESIAN_POINT('',(100.,4.,0.));
#3398 = DIRECTION('',(0.,0.,1.));
#3399 = DIRECTION('',(1.,0.,-0.));
#3400 = ORIENTED_EDGE('',*,*,#3401,.T.);
#3401 = EDGE_CURVE('',#3393,#3402,#3404,.T.);
#3402 = VERTEX_POINT('',#3403);
#3403 = CARTESIAN_POINT('',(100.,68.,0.));
#3404 = LINE('',#3405,#3406);
#3405 = CARTESIAN_POINT('',(100.,0.,0.));
#3406 = VECTOR('',#3407,1.);
#3407 = DIRECTION('',(-0.,1.,0.));
#3408 = ORIENTED_EDGE('',*,*,#3409,.F.);
#3409 = EDGE_CURVE('',#3410,#3402,#3412,.T.);
#3410 = VERTEX_POINT('',#3411);
#3411 = CARTESIAN_POINT('',(96.,72.,0.));
#3412 = CIRCLE('',#3413,4.);
#3413 = AXIS2_PLACEMENT_3D('',#3414,#3415,#3416);
#3414 = CARTESIAN_POINT('',(100.,72.,0.));
#3415 = DIRECTION('',(0.,0.,1.));
#3416 = DIRECTION('',(1.,0.,-0.));
#3417 = ORIENTED_EDGE('',*,*,#3418,.F.);
#3418 = EDGE_CURVE('',#3419,#3410,#3421,.T.);
#3419 = VERTEX_POINT('',#3420);
#3420 = CARTESIAN_POINT('',(8.,72.,0.));
#3421 = LINE('',#3422,#3423);
#3422 = CARTESIAN_POINT('',(0.,72.,0.));
#3423 = VECTOR('',#3424,1.);
#3424 = DIRECTION('',(1.,0.,-0.));
#3425 = ORIENTED_EDGE('',*,*,#3426,.F.);
#3426 = EDGE_CURVE('',#1667,#3419,#3427,.T.);
#3427 = CIRCLE('',#3428,4.);
#3428 = AXIS2_PLACEMENT_3D('',#3429,#3430,#3431);
#3429 = CARTESIAN_POINT('',(4.,72.,0.));
#3430 = DIRECTION('',(0.,0.,1.));
#3431 = DIRECTION('',(1.,0.,-0.));
#3432 = FACE_BOUND('',#3433,.F.);
#3433 = EDGE_LOOP('',(#3434,#3435,#3436,#3437,#3438,#3439,#3446,#3447,
    #3448,#3449,#3450,#3451));
#3434 = ORIENTED_EDGE('',*,*,#2110,.F.);
#3435 = ORIENTED_EDGE('',*,*,#2134,.T.);
#3436 = ORIENTED_EDGE('',*,*,#2242,.T.);
#3437 = ORIENTED_EDGE('',*,*,#2297,.F.);
#3438 = ORIENTED_EDGE('',*,*,#2345,.F.);
#3439 = ORIENTED_EDGE('',*,*,#3440,.F.);
#3440 = EDGE_CURVE('',#2404,#2338,#3441,.T.);
#3441 = CIRCLE('',#3442,4.5);
#3442 = AXIS2_PLACEMENT_3D('',#3443,#3444,#3445);
#3443 = CARTESIAN_POINT('',(27.,49.,0.));
#3444 = DIRECTION('',(0.,0.,1.));
#3445 = DIRECTION('',(1.,0.,-0.));
#3446 = ORIENTED_EDGE('',*,*,#2494,.T.);
#3447 = ORIENTED_EDGE('',*,*,#2470,.F.);
#3448 = ORIENTED_EDGE('',*,*,#2362,.F.);
#3449 = ORIENTED_EDGE('',*,*,#2321,.T.);
#3450 = ORIENTED_EDGE('',*,*,#2273,.T.);
#3451 = ORIENTED_EDGE('',*,*,#3452,.F.);
#3452 = EDGE_CURVE('',#2111,#2219,#3453,.T.);
#3453 = CIRCLE('',#3454,4.5);
#3454 = AXIS2_PLACEMENT_3D('',#3455,#3456,#3457);
#3455 = CARTESIAN_POINT('',(27.,27.,0.));
#3456 = DIRECTION('',(0.,0.,1.));
#3457 = DIRECTION('',(1.,0.,-0.));
#3458 = FACE_BOUND('',#3459,.F.);
#3459 = EDGE_LOOP('',(#3460,#3461,#3462,#3463));
#3460 = ORIENTED_EDGE('',*,*,#2518,.T.);
#3461 = ORIENTED_EDGE('',*,*,#2566,.T.);
#3462 = ORIENTED_EDGE('',*,*,#2590,.F.);
#3463 = ORIENTED_EDGE('',*,*,#2542,.F.);
#3464 = FACE_BOUND('',#3465,.F.);
#3465 = EDGE_LOOP('',(#3466,#3467,#3468,#3469));
#3466 = ORIENTED_EDGE('',*,*,#2639,.T.);
#3467 = ORIENTED_EDGE('',*,*,#2687,.T.);
#3468 = ORIENTED_EDGE('',*,*,#2711,.F.);
#3469 = ORIENTED_EDGE('',*,*,#2663,.F.);
#3470 = FACE_BOUND('',#3471,.F.);
#3471 = EDGE_LOOP('',(#3472,#3473,#3474,#3475));
#3472 = ORIENTED_EDGE('',*,*,#2735,.T.);
#3473 = ORIENTED_EDGE('',*,*,#2783,.T.);
#3474 = ORIENTED_EDGE('',*,*,#2807,.F.);
#3475 = ORIENTED_EDGE('',*,*,#2759,.F.);
#3476 = FACE_BOUND('',#3477,.F.);
#3477 = EDGE_LOOP('',(#3478,#3479,#3480,#3481,#3482,#3483,#3492,#3499,
    #3500,#3509));
#3478 = ORIENTED_EDGE('',*,*,#2831,.F.);
#3479 = ORIENTED_EDGE('',*,*,#2855,.T.);
#3480 = ORIENTED_EDGE('',*,*,#2921,.T.);
#3481 = ORIENTED_EDGE('',*,*,#2952,.F.);
#3482 = ORIENTED_EDGE('',*,*,#3000,.F.);
#3483 = ORIENTED_EDGE('',*,*,#3484,.F.);
#3484 = EDGE_CURVE('',#3485,#2993,#3487,.T.);
#3485 = VERTEX_POINT('',#3486);
#3486 = CARTESIAN_POINT('',(86.5,49.,0.));
#3487 = CIRCLE('',#3488,4.5);
#3488 = AXIS2_PLACEMENT_3D('',#3489,#3490,#3491);
#3489 = CARTESIAN_POINT('',(82.,49.,0.));
#3490 = DIRECTION('',(0.,0.,1.));
#3491 = DIRECTION('',(1.,0.,-0.));
#3492 = ORIENTED_EDGE('',*,*,#3493,.F.);
#3493 = EDGE_CURVE('',#2970,#3485,#3494,.T.);
#3494 = CIRCLE('',#3495,4.5);
#3495 = AXIS2_PLACEMENT_3D('',#3496,#3497,#3498);
#3496 = CARTESIAN_POINT('',(82.,49.,0.));
#3497 = DIRECTION('',(0.,0.,1.));
#3498 = DIRECTION('',(1.,0.,-0.));
#3499 = ORIENTED_EDGE('',*,*,#2969,.F.);
#3500 = ORIENTED_EDGE('',*,*,#3501,.F.);
#3501 = EDGE_CURVE('',#3502,#2896,#3504,.T.);
#3502 = VERTEX_POINT('',#3503);
#3503 = CARTESIAN_POINT('',(86.5,27.,0.));
#3504 = CIRCLE('',#3505,4.5);
#3505 = AXIS2_PLACEMENT_3D('',#3506,#3507,#3508);
#3506 = CARTESIAN_POINT('',(82.,27.,0.));
#3507 = DIRECTION('',(0.,0.,1.));
#3508 = DIRECTION('',(1.,0.,-0.));
#3509 = ORIENTED_EDGE('',*,*,#3510,.F.);
#3510 = EDGE_CURVE('',#2832,#3502,#3511,.T.);
#3511 = CIRCLE('',#3512,4.5);
#3512 = AXIS2_PLACEMENT_3D('',#3513,#3514,#3515);
#3513 = CARTESIAN_POINT('',(82.,27.,0.));
#3514 = DIRECTION('',(0.,0.,1.));
#3515 = DIRECTION('',(1.,0.,-0.));
#3516 = FACE_BOUND('',#3517,.F.);
#3517 = EDGE_LOOP('',(#3518,#3519,#3520,#3521));
#3518 = ORIENTED_EDGE('',*,*,#3084,.T.);
#3519 = ORIENTED_EDGE('',*,*,#3132,.T.);
#3520 = ORIENTED_EDGE('',*,*,#3156,.F.);
#3521 = ORIENTED_EDGE('',*,*,#3108,.F.);
#3522 = PLANE('',#3523);
#3523 = AXIS2_PLACEMENT_3D('',#3524,#3525,#3526);
#3524 = CARTESIAN_POINT('',(4.,0.,0.));
#3525 = DIRECTION('',(0.,0.,1.));
#3526 = DIRECTION('',(1.,0.,-0.));
#3527 = ADVANCED_FACE('',(#3528),#3545,.F.);
#3528 = FACE_BOUND('',#3529,.F.);
#3529 = EDGE_LOOP('',(#3530,#3531,#3539));
#3530 = ORIENTED_EDGE('',*,*,#1545,.T.);
#3531 = ORIENTED_EDGE('',*,*,#3532,.T.);
#3532 = EDGE_CURVE('',#582,#3533,#3535,.T.);
#3533 = VERTEX_POINT('',#3534);
#3534 = CARTESIAN_POINT('',(100.,4.,0.));
#3535 = LINE('',#3536,#3537);
#3536 = CARTESIAN_POINT('',(100.,0.,0.));
#3537 = VECTOR('',#3538,1.);
#3538 = DIRECTION('',(-0.,1.,0.));
#3539 = ORIENTED_EDGE('',*,*,#3540,.F.);
#3540 = EDGE_CURVE('',#1546,#3533,#3541,.T.);
#3541 = LINE('',#3542,#3543);
#3542 = CARTESIAN_POINT('',(0.,4.,0.));
#3543 = VECTOR('',#3544,1.);
#3544 = DIRECTION('',(1.,0.,-0.));
#3545 = PLANE('',#3546);
#3546 = AXIS2_PLACEMENT_3D('',#3547,#3548,#3549);
#3547 = CARTESIAN_POINT('',(4.,0.,0.));
#3548 = DIRECTION('',(0.,0.,1.));
#3549 = DIRECTION('',(1.,0.,-0.));
#3550 = ADVANCED_FACE('',(#3551,#3569),#3575,.T.);
#3551 = FACE_BOUND('',#3552,.T.);
#3552 = EDGE_LOOP('',(#3553,#3554,#3562,#3568));
#3553 = ORIENTED_EDGE('',*,*,#1579,.F.);
#3554 = ORIENTED_EDGE('',*,*,#3555,.T.);
#3555 = EDGE_CURVE('',#1571,#3556,#3558,.T.);
#3556 = VERTEX_POINT('',#3557);
#3557 = CARTESIAN_POINT('',(104.,72.,0.));
#3558 = LINE('',#3559,#3560);
#3559 = CARTESIAN_POINT('',(104.,4.,0.));
#3560 = VECTOR('',#3561,1.);
#3561 = DIRECTION('',(-0.,1.,0.));
#3562 = ORIENTED_EDGE('',*,*,#3563,.T.);
#3563 = EDGE_CURVE('',#3556,#3205,#3564,.T.);
#3564 = LINE('',#3565,#3566);
#3565 = CARTESIAN_POINT('',(104.,72.,0.));
#3566 = VECTOR('',#3567,1.);
#3567 = DIRECTION('',(0.,0.,1.));
#3568 = ORIENTED_EDGE('',*,*,#3204,.F.);
#3569 = FACE_BOUND('',#3570,.T.);
#3570 = EDGE_LOOP('',(#3571,#3572,#3573,#3574));
#3571 = ORIENTED_EDGE('',*,*,#3304,.T.);
#3572 = ORIENTED_EDGE('',*,*,#3369,.T.);
#3573 = ORIENTED_EDGE('',*,*,#3352,.F.);
#3574 = ORIENTED_EDGE('',*,*,#3328,.F.);
#3575 = PLANE('',#3576);
#3576 = AXIS2_PLACEMENT_3D('',#3577,#3578,#3579);
#3577 = CARTESIAN_POINT('',(104.,4.,0.));
#3578 = DIRECTION('',(1.,0.,-0.));
#3579 = DIRECTION('',(0.,0.,1.));
#3580 = ADVANCED_FACE('',(#3581),#3591,.F.);
#3581 = FACE_BOUND('',#3582,.F.);
#3582 = EDGE_LOOP('',(#3583,#3584,#3585));
#3583 = ORIENTED_EDGE('',*,*,#3532,.F.);
#3584 = ORIENTED_EDGE('',*,*,#1570,.T.);
#3585 = ORIENTED_EDGE('',*,*,#3586,.F.);
#3586 = EDGE_CURVE('',#3533,#1571,#3587,.T.);
#3587 = LINE('',#3588,#3589);
#3588 = CARTESIAN_POINT('',(0.,4.,0.));
#3589 = VECTOR('',#3590,1.);
#3590 = DIRECTION('',(1.,0.,-0.));
#3591 = PLANE('',#3592);
#3592 = AXIS2_PLACEMENT_3D('',#3593,#3594,#3595);
#3593 = CARTESIAN_POINT('',(100.,4.,0.));
#3594 = DIRECTION('',(0.,0.,1.));
#3595 = DIRECTION('',(1.,0.,-0.));
#3596 = ADVANCED_FACE('',(#3597),#3602,.F.);
#3597 = FACE_BOUND('',#3598,.F.);
#3598 = EDGE_LOOP('',(#3599,#3600,#3601));
#3599 = ORIENTED_EDGE('',*,*,#1603,.F.);
#3600 = ORIENTED_EDGE('',*,*,#1619,.T.);
#3601 = ORIENTED_EDGE('',*,*,#3384,.T.);
#3602 = PLANE('',#3603);
#3603 = AXIS2_PLACEMENT_3D('',#3604,#3605,#3606);
#3604 = CARTESIAN_POINT('',(4.,0.,0.));
#3605 = DIRECTION('',(0.,0.,1.));
#3606 = DIRECTION('',(1.,0.,-0.));
#3607 = ADVANCED_FACE('',(#3608),#3625,.F.);
#3608 = FACE_BOUND('',#3609,.F.);
#3609 = EDGE_LOOP('',(#3610,#3618,#3619));
#3610 = ORIENTED_EDGE('',*,*,#3611,.T.);
#3611 = EDGE_CURVE('',#3612,#1643,#3614,.T.);
#3612 = VERTEX_POINT('',#3613);
#3613 = CARTESIAN_POINT('',(4.,72.,0.));
#3614 = LINE('',#3615,#3616);
#3615 = CARTESIAN_POINT('',(4.,0.,0.));
#3616 = VECTOR('',#3617,1.);
#3617 = DIRECTION('',(-0.,1.,0.));
#3618 = ORIENTED_EDGE('',*,*,#1650,.T.);
#3619 = ORIENTED_EDGE('',*,*,#3620,.T.);
#3620 = EDGE_CURVE('',#661,#3612,#3621,.T.);
#3621 = LINE('',#3622,#3623);
#3622 = CARTESIAN_POINT('',(0.,72.,0.));
#3623 = VECTOR('',#3624,1.);
#3624 = DIRECTION('',(1.,0.,-0.));
#3625 = PLANE('',#3626);
#3626 = AXIS2_PLACEMENT_3D('',#3627,#3628,#3629);
#3627 = CARTESIAN_POINT('',(4.,72.,0.));
#3628 = DIRECTION('',(0.,0.,1.));
#3629 = DIRECTION('',(1.,0.,-0.));
#3630 = ADVANCED_FACE('',(#3631,#3656),#3690,.T.);
#3631 = FACE_BOUND('',#3632,.T.);
#3632 = EDGE_LOOP('',(#3633,#3641,#3642,#3650));
#3633 = ORIENTED_EDGE('',*,*,#3634,.F.);
#3634 = EDGE_CURVE('',#1643,#3635,#3637,.T.);
#3635 = VERTEX_POINT('',#3636);
#3636 = CARTESIAN_POINT('',(100.,76.,0.));
#3637 = LINE('',#3638,#3639);
#3638 = CARTESIAN_POINT('',(4.,76.,0.));
#3639 = VECTOR('',#3640,1.);
#3640 = DIRECTION('',(1.,0.,-0.));
#3641 = ORIENTED_EDGE('',*,*,#1642,.T.);
#3642 = ORIENTED_EDGE('',*,*,#3643,.T.);
#3643 = EDGE_CURVE('',#1634,#3644,#3646,.T.);
#3644 = VERTEX_POINT('',#3645);
#3645 = CARTESIAN_POINT('',(100.,76.,34.));
#3646 = LINE('',#3647,#3648);
#3647 = CARTESIAN_POINT('',(4.,76.,34.));
#3648 = VECTOR('',#3649,1.);
#3649 = DIRECTION('',(1.,0.,-0.));
#3650 = ORIENTED_EDGE('',*,*,#3651,.F.);
#3651 = EDGE_CURVE('',#3635,#3644,#3652,.T.);
#3652 = LINE('',#3653,#3654);
#3653 = CARTESIAN_POINT('',(100.,76.,0.));
#3654 = VECTOR('',#3655,1.);
#3655 = DIRECTION('',(0.,0.,1.));
#3656 = FACE_BOUND('',#3657,.T.);
#3657 = EDGE_LOOP('',(#3658,#3668,#3676,#3684));
#3658 = ORIENTED_EDGE('',*,*,#3659,.F.);
#3659 = EDGE_CURVE('',#3660,#3662,#3664,.T.);
#3660 = VERTEX_POINT('',#3661);
#3661 = CARTESIAN_POINT('',(76.,76.,25.));
#3662 = VERTEX_POINT('',#3663);
#3663 = CARTESIAN_POINT('',(94.,76.,25.));
#3664 = LINE('',#3665,#3666);
#3665 = CARTESIAN_POINT('',(40.,76.,25.));
#3666 = VECTOR('',#3667,1.);
#3667 = DIRECTION('',(1.,0.,-0.));
#3668 = ORIENTED_EDGE('',*,*,#3669,.T.);
#3669 = EDGE_CURVE('',#3660,#3670,#3672,.T.);
#3670 = VERTEX_POINT('',#3671);
#3671 = CARTESIAN_POINT('',(76.,76.,20.));
#3672 = LINE('',#3673,#3674);
#3673 = CARTESIAN_POINT('',(76.,76.,10.));
#3674 = VECTOR('',#3675,1.);
#3675 = DIRECTION('',(-0.,0.,-1.));
#3676 = ORIENTED_EDGE('',*,*,#3677,.T.);
#3677 = EDGE_CURVE('',#3670,#3678,#3680,.T.);
#3678 = VERTEX_POINT('',#3679);
#3679 = CARTESIAN_POINT('',(94.,76.,20.));
#3680 = LINE('',#3681,#3682);
#3681 = CARTESIAN_POINT('',(40.,76.,20.));
#3682 = VECTOR('',#3683,1.);
#3683 = DIRECTION('',(1.,0.,-0.));
#3684 = ORIENTED_EDGE('',*,*,#3685,.F.);
#3685 = EDGE_CURVE('',#3662,#3678,#3686,.T.);
#3686 = LINE('',#3687,#3688);
#3687 = CARTESIAN_POINT('',(94.,76.,10.));
#3688 = VECTOR('',#3689,1.);
#3689 = DIRECTION('',(-0.,0.,-1.));
#3690 = PLANE('',#3691);
#3691 = AXIS2_PLACEMENT_3D('',#3692,#3693,#3694);
#3692 = CARTESIAN_POINT('',(4.,76.,0.));
#3693 = DIRECTION('',(-0.,1.,0.));
#3694 = DIRECTION('',(0.,0.,1.));
#3695 = ADVANCED_FACE('',(#3696),#3706,.F.);
#3696 = FACE_BOUND('',#3697,.F.);
#3697 = EDGE_LOOP('',(#3698,#3699,#3700));
#3698 = ORIENTED_EDGE('',*,*,#3620,.F.);
#3699 = ORIENTED_EDGE('',*,*,#1666,.T.);
#3700 = ORIENTED_EDGE('',*,*,#3701,.T.);
#3701 = EDGE_CURVE('',#1667,#3612,#3702,.T.);
#3702 = LINE('',#3703,#3704);
#3703 = CARTESIAN_POINT('',(4.,0.,0.));
#3704 = VECTOR('',#3705,1.);
#3705 = DIRECTION('',(-0.,1.,0.));
#3706 = PLANE('',#3707);
#3707 = AXIS2_PLACEMENT_3D('',#3708,#3709,#3710);
#3708 = CARTESIAN_POINT('',(0.,4.,0.));
#3709 = DIRECTION('',(0.,0.,1.));
#3710 = DIRECTION('',(1.,0.,-0.));
#3711 = ADVANCED_FACE('',(#3712),#3731,.F.);
#3712 = FACE_BOUND('',#3713,.F.);
#3713 = EDGE_LOOP('',(#3714,#3715,#3723,#3730));
#3714 = ORIENTED_EDGE('',*,*,#1694,.F.);
#3715 = ORIENTED_EDGE('',*,*,#3716,.F.);
#3716 = EDGE_CURVE('',#3717,#1695,#3719,.T.);
#3717 = VERTEX_POINT('',#3718);
#3718 = CARTESIAN_POINT('',(8.35,7.,2.4));
#3719 = LINE('',#3720,#3721);
#3720 = CARTESIAN_POINT('',(8.35,7.,2.4));
#3721 = VECTOR('',#3722,1.);
#3722 = DIRECTION('',(0.,0.,1.));
#3723 = ORIENTED_EDGE('',*,*,#3724,.T.);
#3724 = EDGE_CURVE('',#3717,#3717,#3725,.T.);
#3725 = CIRCLE('',#3726,1.35);
#3726 = AXIS2_PLACEMENT_3D('',#3727,#3728,#3729);
#3727 = CARTESIAN_POINT('',(7.,7.,2.4));
#3728 = DIRECTION('',(0.,0.,1.));
#3729 = DIRECTION('',(1.,0.,-0.));
#3730 = ORIENTED_EDGE('',*,*,#3716,.T.);
#3731 = CYLINDRICAL_SURFACE('',#3732,1.35);
#3732 = AXIS2_PLACEMENT_3D('',#3733,#3734,#3735);
#3733 = CARTESIAN_POINT('',(7.,7.,2.4));
#3734 = DIRECTION('',(0.,0.,1.));
#3735 = DIRECTION('',(1.,0.,-0.));
#3736 = ADVANCED_FACE('',(#3737),#3749,.T.);
#3737 = FACE_BOUND('',#3738,.T.);
#3738 = EDGE_LOOP('',(#3739,#3740,#3741,#3742));
#3739 = ORIENTED_EDGE('',*,*,#3643,.F.);
#3740 = ORIENTED_EDGE('',*,*,#1738,.F.);
#3741 = ORIENTED_EDGE('',*,*,#1795,.F.);
#3742 = ORIENTED_EDGE('',*,*,#3743,.F.);
#3743 = EDGE_CURVE('',#3644,#1796,#3744,.T.);
#3744 = CIRCLE('',#3745,4.);
#3745 = AXIS2_PLACEMENT_3D('',#3746,#3747,#3748);
#3746 = CARTESIAN_POINT('',(100.,72.,34.));
#3747 = DIRECTION('',(0.,0.,1.));
#3748 = DIRECTION('',(1.,0.,-0.));
#3749 = PLANE('',#3750);
#3750 = AXIS2_PLACEMENT_3D('',#3751,#3752,#3753);
#3751 = CARTESIAN_POINT('',(4.,0.,34.));
#3752 = DIRECTION('',(0.,0.,1.));
#3753 = DIRECTION('',(1.,0.,-0.));
#3754 = ADVANCED_FACE('',(#3755),#3760,.T.);
#3755 = FACE_BOUND('',#3756,.T.);
#3756 = EDGE_LOOP('',(#3757,#3758,#3759));
#3757 = ORIENTED_EDGE('',*,*,#1764,.F.);
#3758 = ORIENTED_EDGE('',*,*,#1902,.F.);
#3759 = ORIENTED_EDGE('',*,*,#1922,.T.);
#3760 = PLANE('',#3761);
#3761 = AXIS2_PLACEMENT_3D('',#3762,#3763,#3764);
#3762 = CARTESIAN_POINT('',(4.6,2.4,2.4));
#3763 = DIRECTION('',(0.,0.,1.));
#3764 = DIRECTION('',(1.,0.,-0.));
#3765 = ADVANCED_FACE('',(#3766),#3777,.T.);
#3766 = FACE_BOUND('',#3767,.T.);
#3767 = EDGE_LOOP('',(#3768,#3769,#3775,#3776));
#3768 = ORIENTED_EDGE('',*,*,#3246,.F.);
#3769 = ORIENTED_EDGE('',*,*,#3770,.T.);
#3770 = EDGE_CURVE('',#3247,#3644,#3771,.T.);
#3771 = LINE('',#3772,#3773);
#3772 = CARTESIAN_POINT('',(100.,0.,34.));
#3773 = VECTOR('',#3774,1.);
#3774 = DIRECTION('',(-0.,1.,0.));
#3775 = ORIENTED_EDGE('',*,*,#3743,.T.);
#3776 = ORIENTED_EDGE('',*,*,#1803,.F.);
#3777 = PLANE('',#3778);
#3778 = AXIS2_PLACEMENT_3D('',#3779,#3780,#3781);
#3779 = CARTESIAN_POINT('',(4.,0.,34.));
#3780 = DIRECTION('',(0.,0.,1.));
#3781 = DIRECTION('',(1.,0.,-0.));
#3782 = ADVANCED_FACE('',(#3783),#3799,.F.);
#3783 = FACE_BOUND('',#3784,.F.);
#3784 = EDGE_LOOP('',(#3785,#3791,#3792,#3798));
#3785 = ORIENTED_EDGE('',*,*,#3786,.F.);
#3786 = EDGE_CURVE('',#1820,#3660,#3787,.T.);
#3787 = LINE('',#3788,#3789);
#3788 = CARTESIAN_POINT('',(76.,72.6,25.));
#3789 = VECTOR('',#3790,1.);
#3790 = DIRECTION('',(-0.,1.,0.));
#3791 = ORIENTED_EDGE('',*,*,#1819,.T.);
#3792 = ORIENTED_EDGE('',*,*,#3793,.T.);
#3793 = EDGE_CURVE('',#1822,#3662,#3794,.T.);
#3794 = LINE('',#3795,#3796);
#3795 = CARTESIAN_POINT('',(94.,72.6,25.));
#3796 = VECTOR('',#3797,1.);
#3797 = DIRECTION('',(-0.,1.,0.));
#3798 = ORIENTED_EDGE('',*,*,#3659,.F.);
#3799 = PLANE('',#3800);
#3800 = AXIS2_PLACEMENT_3D('',#3801,#3802,#3803);
#3801 = CARTESIAN_POINT('',(76.,72.6,25.));
#3802 = DIRECTION('',(0.,0.,1.));
#3803 = DIRECTION('',(1.,0.,-0.));
#3804 = ADVANCED_FACE('',(#3805),#3816,.F.);
#3805 = FACE_BOUND('',#3806,.F.);
#3806 = EDGE_LOOP('',(#3807,#3808,#3809,#3815));
#3807 = ORIENTED_EDGE('',*,*,#3793,.F.);
#3808 = ORIENTED_EDGE('',*,*,#1845,.T.);
#3809 = ORIENTED_EDGE('',*,*,#3810,.T.);
#3810 = EDGE_CURVE('',#1838,#3678,#3811,.T.);
#3811 = LINE('',#3812,#3813);
#3812 = CARTESIAN_POINT('',(94.,72.6,20.));
#3813 = VECTOR('',#3814,1.);
#3814 = DIRECTION('',(-0.,1.,0.));
#3815 = ORIENTED_EDGE('',*,*,#3685,.F.);
#3816 = PLANE('',#3817);
#3817 = AXIS2_PLACEMENT_3D('',#3818,#3819,#3820);
#3818 = CARTESIAN_POINT('',(94.,72.6,20.));
#3819 = DIRECTION('',(1.,0.,-0.));
#3820 = DIRECTION('',(0.,0.,1.));
#3821 = ADVANCED_FACE('',(#3822),#3833,.T.);
#3822 = FACE_BOUND('',#3823,.T.);
#3823 = EDGE_LOOP('',(#3824,#3830,#3831,#3832));
#3824 = ORIENTED_EDGE('',*,*,#3825,.F.);
#3825 = EDGE_CURVE('',#1830,#3670,#3826,.T.);
#3826 = LINE('',#3827,#3828);
#3827 = CARTESIAN_POINT('',(76.,72.6,20.));
#3828 = VECTOR('',#3829,1.);
#3829 = DIRECTION('',(-0.,1.,0.));
#3830 = ORIENTED_EDGE('',*,*,#1837,.T.);
#3831 = ORIENTED_EDGE('',*,*,#3810,.T.);
#3832 = ORIENTED_EDGE('',*,*,#3677,.F.);
#3833 = PLANE('',#3834);
#3834 = AXIS2_PLACEMENT_3D('',#3835,#3836,#3837);
#3835 = CARTESIAN_POINT('',(76.,72.6,20.));
#3836 = DIRECTION('',(0.,0.,1.));
#3837 = DIRECTION('',(1.,0.,-0.));
#3838 = ADVANCED_FACE('',(#3839),#3845,.T.);
#3839 = FACE_BOUND('',#3840,.T.);
#3840 = EDGE_LOOP('',(#3841,#3842,#3843,#3844));
#3841 = ORIENTED_EDGE('',*,*,#3786,.F.);
#3842 = ORIENTED_EDGE('',*,*,#1829,.T.);
#3843 = ORIENTED_EDGE('',*,*,#3825,.T.);
#3844 = ORIENTED_EDGE('',*,*,#3669,.F.);
#3845 = PLANE('',#3846);
#3846 = AXIS2_PLACEMENT_3D('',#3847,#3848,#3849);
#3847 = CARTESIAN_POINT('',(76.,72.6,20.));
#3848 = DIRECTION('',(1.,0.,-0.));
#3849 = DIRECTION('',(0.,0.,1.));
#3850 = ADVANCED_FACE('',(#3851,#3854),#3865,.T.);
#3851 = FACE_BOUND('',#3852,.T.);
#3852 = EDGE_LOOP('',(#3853));
#3853 = ORIENTED_EDGE('',*,*,#1884,.T.);
#3854 = FACE_BOUND('',#3855,.T.);
#3855 = EDGE_LOOP('',(#3856));
#3856 = ORIENTED_EDGE('',*,*,#3857,.F.);
#3857 = EDGE_CURVE('',#3858,#3858,#3860,.T.);
#3858 = VERTEX_POINT('',#3859);
#3859 = CARTESIAN_POINT('',(8.35,69.,34.));
#3860 = CIRCLE('',#3861,1.35);
#3861 = AXIS2_PLACEMENT_3D('',#3862,#3863,#3864);
#3862 = CARTESIAN_POINT('',(7.,69.,34.));
#3863 = DIRECTION('',(0.,0.,1.));
#3864 = DIRECTION('',(1.,0.,-0.));
#3865 = PLANE('',#3866);
#3866 = AXIS2_PLACEMENT_3D('',#3867,#3868,#3869);
#3867 = CARTESIAN_POINT('',(7.,69.,34.));
#3868 = DIRECTION('',(0.,0.,1.));
#3869 = DIRECTION('',(1.,0.,-0.));
#3870 = ADVANCED_FACE('',(#3871),#3881,.T.);
#3871 = FACE_BOUND('',#3872,.T.);
#3872 = EDGE_LOOP('',(#3873,#3874,#3880));
#3873 = ORIENTED_EDGE('',*,*,#2000,.F.);
#3874 = ORIENTED_EDGE('',*,*,#3875,.T.);
#3875 = EDGE_CURVE('',#1992,#1786,#3876,.T.);
#3876 = LINE('',#3877,#3878);
#3877 = CARTESIAN_POINT('',(99.4,2.4,2.4));
#3878 = VECTOR('',#3879,1.);
#3879 = DIRECTION('',(-0.,1.,0.));
#3880 = ORIENTED_EDGE('',*,*,#1940,.T.);
#3881 = PLANE('',#3882);
#3882 = AXIS2_PLACEMENT_3D('',#3883,#3884,#3885);
#3883 = CARTESIAN_POINT('',(4.6,2.4,2.4));
#3884 = DIRECTION('',(0.,0.,1.));
#3885 = DIRECTION('',(1.,0.,-0.));
#3886 = ADVANCED_FACE('',(#3887),#3898,.T.);
#3887 = FACE_BOUND('',#3888,.T.);
#3888 = EDGE_LOOP('',(#3889,#3890,#3896,#3897));
#3889 = ORIENTED_EDGE('',*,*,#1991,.F.);
#3890 = ORIENTED_EDGE('',*,*,#3891,.T.);
#3891 = EDGE_CURVE('',#1983,#1463,#3892,.T.);
#3892 = LINE('',#3893,#3894);
#3893 = CARTESIAN_POINT('',(2.4,71.4,2.4));
#3894 = VECTOR('',#3895,1.);
#3895 = DIRECTION('',(1.,0.,-0.));
#3896 = ORIENTED_EDGE('',*,*,#3238,.T.);
#3897 = ORIENTED_EDGE('',*,*,#3875,.F.);
#3898 = PLANE('',#3899);
#3899 = AXIS2_PLACEMENT_3D('',#3900,#3901,#3902);
#3900 = CARTESIAN_POINT('',(99.4,71.4,2.4));
#3901 = DIRECTION('',(0.,0.,1.));
#3902 = DIRECTION('',(1.,0.,-0.));
#3903 = ADVANCED_FACE('',(#3904),#3909,.T.);
#3904 = FACE_BOUND('',#3905,.T.);
#3905 = EDGE_LOOP('',(#3906,#3907,#3908));
#3906 = ORIENTED_EDGE('',*,*,#3891,.F.);
#3907 = ORIENTED_EDGE('',*,*,#1982,.F.);
#3908 = ORIENTED_EDGE('',*,*,#2032,.T.);
#3909 = PLANE('',#3910);
#3910 = AXIS2_PLACEMENT_3D('',#3911,#3912,#3913);
#3911 = CARTESIAN_POINT('',(2.4,4.6,2.4));
#3912 = DIRECTION('',(0.,0.,1.));
#3913 = DIRECTION('',(1.,0.,-0.));
#3914 = ADVANCED_FACE('',(#3915,#3918),#3929,.T.);
#3915 = FACE_BOUND('',#3916,.T.);
#3916 = EDGE_LOOP('',(#3917));
#3917 = ORIENTED_EDGE('',*,*,#1965,.T.);
#3918 = FACE_BOUND('',#3919,.T.);
#3919 = EDGE_LOOP('',(#3920));
#3920 = ORIENTED_EDGE('',*,*,#3921,.F.);
#3921 = EDGE_CURVE('',#3922,#3922,#3924,.T.);
#3922 = VERTEX_POINT('',#3923);
#3923 = CARTESIAN_POINT('',(98.35,69.,34.));
#3924 = CIRCLE('',#3925,1.35);
#3925 = AXIS2_PLACEMENT_3D('',#3926,#3927,#3928);
#3926 = CARTESIAN_POINT('',(97.,69.,34.));
#3927 = DIRECTION('',(0.,0.,1.));
#3928 = DIRECTION('',(1.,0.,-0.));
#3929 = PLANE('',#3930);
#3930 = AXIS2_PLACEMENT_3D('',#3931,#3932,#3933);
#3931 = CARTESIAN_POINT('',(97.,69.,34.));
#3932 = DIRECTION('',(0.,0.,1.));
#3933 = DIRECTION('',(1.,0.,-0.));
#3934 = ADVANCED_FACE('',(#3935,#3938),#3949,.T.);
#3935 = FACE_BOUND('',#3936,.T.);
#3936 = EDGE_LOOP('',(#3937));
#3937 = ORIENTED_EDGE('',*,*,#2052,.T.);
#3938 = FACE_BOUND('',#3939,.T.);
#3939 = EDGE_LOOP('',(#3940));
#3940 = ORIENTED_EDGE('',*,*,#3941,.F.);
#3941 = EDGE_CURVE('',#3942,#3942,#3944,.T.);
#3942 = VERTEX_POINT('',#3943);
#3943 = CARTESIAN_POINT('',(13.95,12.5,7.4));
#3944 = CIRCLE('',#3945,1.45);
#3945 = AXIS2_PLACEMENT_3D('',#3946,#3947,#3948);
#3946 = CARTESIAN_POINT('',(12.5,12.5,7.4));
#3947 = DIRECTION('',(0.,0.,1.));
#3948 = DIRECTION('',(1.,0.,-0.));
#3949 = PLANE('',#3950);
#3950 = AXIS2_PLACEMENT_3D('',#3951,#3952,#3953);
#3951 = CARTESIAN_POINT('',(12.5,12.5,7.4));
#3952 = DIRECTION('',(0.,0.,1.));
#3953 = DIRECTION('',(1.,0.,-0.));
#3954 = ADVANCED_FACE('',(#3955,#3958),#3969,.T.);
#3955 = FACE_BOUND('',#3956,.T.);
#3956 = EDGE_LOOP('',(#3957));
#3957 = ORIENTED_EDGE('',*,*,#2077,.T.);
#3958 = FACE_BOUND('',#3959,.T.);
#3959 = EDGE_LOOP('',(#3960));
#3960 = ORIENTED_EDGE('',*,*,#3961,.F.);
#3961 = EDGE_CURVE('',#3962,#3962,#3964,.T.);
#3962 = VERTEX_POINT('',#3963);
#3963 = CARTESIAN_POINT('',(71.95,12.5,7.4));
#3964 = CIRCLE('',#3965,1.45);
#3965 = AXIS2_PLACEMENT_3D('',#3966,#3967,#3968);
#3966 = CARTESIAN_POINT('',(70.5,12.5,7.4));
#3967 = DIRECTION('',(0.,0.,1.));
#3968 = DIRECTION('',(1.,0.,-0.));
#3969 = PLANE('',#3970);
#3970 = AXIS2_PLACEMENT_3D('',#3971,#3972,#3973);
#3971 = CARTESIAN_POINT('',(70.5,12.5,7.4));
#3972 = DIRECTION('',(0.,0.,1.));
#3973 = DIRECTION('',(1.,0.,-0.));
#3974 = ADVANCED_FACE('',(#3975),#3985,.F.);
#3975 = FACE_BOUND('',#3976,.F.);
#3976 = EDGE_LOOP('',(#3977,#3978,#3979));
#3977 = ORIENTED_EDGE('',*,*,#2226,.T.);
#3978 = ORIENTED_EDGE('',*,*,#2175,.T.);
#3979 = ORIENTED_EDGE('',*,*,#3980,.F.);
#3980 = EDGE_CURVE('',#2219,#2176,#3981,.T.);
#3981 = LINE('',#3982,#3983);
#3982 = CARTESIAN_POINT('',(31.,10.,0.));
#3983 = VECTOR('',#3984,1.);
#3984 = DIRECTION('',(-0.,1.,0.));
#3985 = PLANE('',#3986);
#3986 = AXIS2_PLACEMENT_3D('',#3987,#3988,#3989);
#3987 = CARTESIAN_POINT('',(27.,27.,0.));
#3988 = DIRECTION('',(0.,0.,1.));
#3989 = DIRECTION('',(1.,0.,-0.));
#3990 = ADVANCED_FACE('',(#3991),#4000,.F.);
#3991 = FACE_BOUND('',#3992,.F.);
#3992 = EDGE_LOOP('',(#3993,#3999));
#3993 = ORIENTED_EDGE('',*,*,#3994,.T.);
#3994 = EDGE_CURVE('',#2111,#2202,#3995,.T.);
#3995 = LINE('',#3996,#3997);
#3996 = CARTESIAN_POINT('',(25.,10.,0.));
#3997 = VECTOR('',#3998,1.);
#3998 = DIRECTION('',(-0.,1.,0.));
#3999 = ORIENTED_EDGE('',*,*,#2209,.T.);
#4000 = PLANE('',#4001);
#4001 = AXIS2_PLACEMENT_3D('',#4002,#4003,#4004);
#4002 = CARTESIAN_POINT('',(27.,27.,0.));
#4003 = DIRECTION('',(0.,0.,1.));
#4004 = DIRECTION('',(1.,0.,-0.));
#4005 = ADVANCED_FACE('',(#4006),#4022,.F.);
#4006 = FACE_BOUND('',#4007,.F.);
#4007 = EDGE_LOOP('',(#4008,#4009,#4015,#4016));
#4008 = ORIENTED_EDGE('',*,*,#2201,.F.);
#4009 = ORIENTED_EDGE('',*,*,#4010,.T.);
#4010 = EDGE_CURVE('',#2202,#2421,#4011,.T.);
#4011 = LINE('',#4012,#4013);
#4012 = CARTESIAN_POINT('',(25.,10.,0.));
#4013 = VECTOR('',#4014,1.);
#4014 = DIRECTION('',(-0.,1.,0.));
#4015 = ORIENTED_EDGE('',*,*,#2429,.T.);
#4016 = ORIENTED_EDGE('',*,*,#4017,.F.);
#4017 = EDGE_CURVE('',#2193,#2430,#4018,.T.);
#4018 = LINE('',#4019,#4020);
#4019 = CARTESIAN_POINT('',(25.,11.2,2.4));
#4020 = VECTOR('',#4021,1.);
#4021 = DIRECTION('',(-0.,1.,0.));
#4022 = PLANE('',#4023);
#4023 = AXIS2_PLACEMENT_3D('',#4024,#4025,#4026);
#4024 = CARTESIAN_POINT('',(25.,20.,-1.));
#4025 = DIRECTION('',(1.,0.,-0.));
#4026 = DIRECTION('',(0.,0.,1.));
#4027 = ADVANCED_FACE('',(#4028),#4039,.T.);
#4028 = FACE_BOUND('',#4029,.T.);
#4029 = EDGE_LOOP('',(#4030,#4031,#4032,#4033));
#4030 = ORIENTED_EDGE('',*,*,#2437,.F.);
#4031 = ORIENTED_EDGE('',*,*,#4017,.F.);
#4032 = ORIENTED_EDGE('',*,*,#2192,.F.);
#4033 = ORIENTED_EDGE('',*,*,#4034,.T.);
#4034 = EDGE_CURVE('',#2185,#2438,#4035,.T.);
#4035 = LINE('',#4036,#4037);
#4036 = CARTESIAN_POINT('',(31.,11.2,2.4));
#4037 = VECTOR('',#4038,1.);
#4038 = DIRECTION('',(-0.,1.,0.));
#4039 = PLANE('',#4040);
#4040 = AXIS2_PLACEMENT_3D('',#4041,#4042,#4043);
#4041 = CARTESIAN_POINT('',(4.6,2.4,2.4));
#4042 = DIRECTION('',(0.,0.,1.));
#4043 = DIRECTION('',(1.,0.,-0.));
#4044 = ADVANCED_FACE('',(#4045),#4056,.T.);
#4045 = FACE_BOUND('',#4046,.T.);
#4046 = EDGE_LOOP('',(#4047,#4048,#4054,#4055));
#4047 = ORIENTED_EDGE('',*,*,#2184,.F.);
#4048 = ORIENTED_EDGE('',*,*,#4049,.T.);
#4049 = EDGE_CURVE('',#2176,#2447,#4050,.T.);
#4050 = LINE('',#4051,#4052);
#4051 = CARTESIAN_POINT('',(31.,10.,0.));
#4052 = VECTOR('',#4053,1.);
#4053 = DIRECTION('',(-0.,1.,0.));
#4054 = ORIENTED_EDGE('',*,*,#2446,.T.);
#4055 = ORIENTED_EDGE('',*,*,#4034,.F.);
#4056 = PLANE('',#4057);
#4057 = AXIS2_PLACEMENT_3D('',#4058,#4059,#4060);
#4058 = CARTESIAN_POINT('',(31.,20.,-1.));
#4059 = DIRECTION('',(1.,0.,-0.));
#4060 = DIRECTION('',(0.,0.,1.));
#4061 = ADVANCED_FACE('',(#4062,#4065),#4076,.T.);
#4062 = FACE_BOUND('',#4063,.T.);
#4063 = EDGE_LOOP('',(#4064));
#4064 = ORIENTED_EDGE('',*,*,#2167,.T.);
#4065 = FACE_BOUND('',#4066,.T.);
#4066 = EDGE_LOOP('',(#4067));
#4067 = ORIENTED_EDGE('',*,*,#4068,.F.);
#4068 = EDGE_CURVE('',#4069,#4069,#4071,.T.);
#4069 = VERTEX_POINT('',#4070);
#4070 = CARTESIAN_POINT('',(30.4,27.,4.));
#4071 = CIRCLE('',#4072,3.4);
#4072 = AXIS2_PLACEMENT_3D('',#4073,#4074,#4075);
#4073 = CARTESIAN_POINT('',(27.,27.,4.));
#4074 = DIRECTION('',(0.,0.,1.));
#4075 = DIRECTION('',(1.,0.,-0.));
#4076 = PLANE('',#4077);
#4077 = AXIS2_PLACEMENT_3D('',#4078,#4079,#4080);
#4078 = CARTESIAN_POINT('',(27.,27.,4.));
#4079 = DIRECTION('',(0.,0.,1.));
#4080 = DIRECTION('',(1.,0.,-0.));
#4081 = ADVANCED_FACE('',(#4082),#4092,.F.);
#4082 = FACE_BOUND('',#4083,.F.);
#4083 = EDGE_LOOP('',(#4084,#4085,#4086));
#4084 = ORIENTED_EDGE('',*,*,#2454,.T.);
#4085 = ORIENTED_EDGE('',*,*,#2403,.T.);
#4086 = ORIENTED_EDGE('',*,*,#4087,.F.);
#4087 = EDGE_CURVE('',#2447,#2404,#4088,.T.);
#4088 = LINE('',#4089,#4090);
#4089 = CARTESIAN_POINT('',(31.,10.,0.));
#4090 = VECTOR('',#4091,1.);
#4091 = DIRECTION('',(-0.,1.,0.));
#4092 = PLANE('',#4093);
#4093 = AXIS2_PLACEMENT_3D('',#4094,#4095,#4096);
#4094 = CARTESIAN_POINT('',(27.,49.,0.));
#4095 = DIRECTION('',(0.,0.,1.));
#4096 = DIRECTION('',(1.,0.,-0.));
#4097 = ADVANCED_FACE('',(#4098),#4107,.F.);
#4098 = FACE_BOUND('',#4099,.F.);
#4099 = EDGE_LOOP('',(#4100,#4106));
#4100 = ORIENTED_EDGE('',*,*,#4101,.T.);
#4101 = EDGE_CURVE('',#2421,#2338,#4102,.T.);
#4102 = LINE('',#4103,#4104);
#4103 = CARTESIAN_POINT('',(25.,10.,0.));
#4104 = VECTOR('',#4105,1.);
#4105 = DIRECTION('',(-0.,1.,0.));
#4106 = ORIENTED_EDGE('',*,*,#2420,.T.);
#4107 = PLANE('',#4108);
#4108 = AXIS2_PLACEMENT_3D('',#4109,#4110,#4111);
#4109 = CARTESIAN_POINT('',(27.,49.,0.));
#4110 = DIRECTION('',(0.,0.,1.));
#4111 = DIRECTION('',(1.,0.,-0.));
#4112 = ADVANCED_FACE('',(#4113,#4116),#4127,.T.);
#4113 = FACE_BOUND('',#4114,.T.);
#4114 = EDGE_LOOP('',(#4115));
#4115 = ORIENTED_EDGE('',*,*,#2395,.T.);
#4116 = FACE_BOUND('',#4117,.T.);
#4117 = EDGE_LOOP('',(#4118));
#4118 = ORIENTED_EDGE('',*,*,#4119,.F.);
#4119 = EDGE_CURVE('',#4120,#4120,#4122,.T.);
#4120 = VERTEX_POINT('',#4121);
#4121 = CARTESIAN_POINT('',(30.4,49.,4.));
#4122 = CIRCLE('',#4123,3.4);
#4123 = AXIS2_PLACEMENT_3D('',#4124,#4125,#4126);
#4124 = CARTESIAN_POINT('',(27.,49.,4.));
#4125 = DIRECTION('',(0.,0.,1.));
#4126 = DIRECTION('',(1.,0.,-0.));
#4127 = PLANE('',#4128);
#4128 = AXIS2_PLACEMENT_3D('',#4129,#4130,#4131);
#4129 = CARTESIAN_POINT('',(27.,49.,4.));
#4130 = DIRECTION('',(0.,0.,1.));
#4131 = DIRECTION('',(1.,0.,-0.));
#4132 = ADVANCED_FACE('',(#4133,#4136),#4147,.T.);
#4133 = FACE_BOUND('',#4134,.T.);
#4134 = EDGE_LOOP('',(#4135));
#4135 = ORIENTED_EDGE('',*,*,#2606,.T.);
#4136 = FACE_BOUND('',#4137,.T.);
#4137 = EDGE_LOOP('',(#4138));
#4138 = ORIENTED_EDGE('',*,*,#4139,.F.);
#4139 = EDGE_CURVE('',#4140,#4140,#4142,.T.);
#4140 = VERTEX_POINT('',#4141);
#4141 = CARTESIAN_POINT('',(13.95,61.5,7.4));
#4142 = CIRCLE('',#4143,1.45);
#4143 = AXIS2_PLACEMENT_3D('',#4144,#4145,#4146);
#4144 = CARTESIAN_POINT('',(12.5,61.5,7.4));
#4145 = DIRECTION('',(0.,0.,1.));
#4146 = DIRECTION('',(1.,0.,-0.));
#4147 = PLANE('',#4148);
#4148 = AXIS2_PLACEMENT_3D('',#4149,#4150,#4151);
#4149 = CARTESIAN_POINT('',(12.5,61.5,7.4));
#4150 = DIRECTION('',(0.,0.,1.));
#4151 = DIRECTION('',(1.,0.,-0.));
#4152 = ADVANCED_FACE('',(#4153),#4162,.F.);
#4153 = FACE_BOUND('',#4154,.F.);
#4154 = EDGE_LOOP('',(#4155,#4161));
#4155 = ORIENTED_EDGE('',*,*,#4156,.T.);
#4156 = EDGE_CURVE('',#2832,#2896,#4157,.T.);
#4157 = LINE('',#4158,#4159);
#4158 = CARTESIAN_POINT('',(80.,10.,0.));
#4159 = VECTOR('',#4160,1.);
#4160 = DIRECTION('',(-0.,1.,0.));
#4161 = ORIENTED_EDGE('',*,*,#2903,.T.);
#4162 = PLANE('',#4163);
#4163 = AXIS2_PLACEMENT_3D('',#4164,#4165,#4166);
#4164 = CARTESIAN_POINT('',(82.,27.,0.));
#4165 = DIRECTION('',(0.,0.,1.));
#4166 = DIRECTION('',(1.,0.,-0.));
#4167 = ADVANCED_FACE('',(#4168,#4171),#4182,.T.);
#4168 = FACE_BOUND('',#4169,.T.);
#4169 = EDGE_LOOP('',(#4170));
#4170 = ORIENTED_EDGE('',*,*,#2886,.T.);
#4171 = FACE_BOUND('',#4172,.T.);
#4172 = EDGE_LOOP('',(#4173));
#4173 = ORIENTED_EDGE('',*,*,#4174,.F.);
#4174 = EDGE_CURVE('',#4175,#4175,#4177,.T.);
#4175 = VERTEX_POINT('',#4176);
#4176 = CARTESIAN_POINT('',(85.4,27.,4.));
#4177 = CIRCLE('',#4178,3.4);
#4178 = AXIS2_PLACEMENT_3D('',#4179,#4180,#4181);
#4179 = CARTESIAN_POINT('',(82.,27.,4.));
#4180 = DIRECTION('',(0.,0.,1.));
#4181 = DIRECTION('',(1.,0.,-0.));
#4182 = PLANE('',#4183);
#4183 = AXIS2_PLACEMENT_3D('',#4184,#4185,#4186);
#4184 = CARTESIAN_POINT('',(82.,27.,4.));
#4185 = DIRECTION('',(0.,0.,1.));
#4186 = DIRECTION('',(1.,0.,-0.));
#4187 = ADVANCED_FACE('',(#4188),#4197,.F.);
#4188 = FACE_BOUND('',#4189,.F.);
#4189 = EDGE_LOOP('',(#4190,#4196));
#4190 = ORIENTED_EDGE('',*,*,#4191,.T.);
#4191 = EDGE_CURVE('',#2970,#2993,#4192,.T.);
#4192 = LINE('',#4193,#4194);
#4193 = CARTESIAN_POINT('',(80.,10.,0.));
#4194 = VECTOR('',#4195,1.);
#4195 = DIRECTION('',(-0.,1.,0.));
#4196 = ORIENTED_EDGE('',*,*,#3034,.T.);
#4197 = PLANE('',#4198);
#4198 = AXIS2_PLACEMENT_3D('',#4199,#4200,#4201);
#4199 = CARTESIAN_POINT('',(82.,49.,0.));
#4200 = DIRECTION('',(0.,0.,1.));
#4201 = DIRECTION('',(1.,0.,-0.));
#4202 = ADVANCED_FACE('',(#4203,#4206),#4217,.T.);
#4203 = FACE_BOUND('',#4204,.T.);
#4204 = EDGE_LOOP('',(#4205));
#4205 = ORIENTED_EDGE('',*,*,#3024,.T.);
#4206 = FACE_BOUND('',#4207,.T.);
#4207 = EDGE_LOOP('',(#4208));
#4208 = ORIENTED_EDGE('',*,*,#4209,.F.);
#4209 = EDGE_CURVE('',#4210,#4210,#4212,.T.);
#4210 = VERTEX_POINT('',#4211);
#4211 = CARTESIAN_POINT('',(85.4,49.,4.));
#4212 = CIRCLE('',#4213,3.4);
#4213 = AXIS2_PLACEMENT_3D('',#4214,#4215,#4216);
#4214 = CARTESIAN_POINT('',(82.,49.,4.));
#4215 = DIRECTION('',(0.,0.,1.));
#4216 = DIRECTION('',(1.,0.,-0.));
#4217 = PLANE('',#4218);
#4218 = AXIS2_PLACEMENT_3D('',#4219,#4220,#4221);
#4219 = CARTESIAN_POINT('',(82.,49.,4.));
#4220 = DIRECTION('',(0.,0.,1.));
#4221 = DIRECTION('',(1.,0.,-0.));
#4222 = ADVANCED_FACE('',(#4223,#4226),#4237,.T.);
#4223 = FACE_BOUND('',#4224,.T.);
#4224 = EDGE_LOOP('',(#4225));
#4225 = ORIENTED_EDGE('',*,*,#3051,.T.);
#4226 = FACE_BOUND('',#4227,.T.);
#4227 = EDGE_LOOP('',(#4228));
#4228 = ORIENTED_EDGE('',*,*,#4229,.F.);
#4229 = EDGE_CURVE('',#4230,#4230,#4232,.T.);
#4230 = VERTEX_POINT('',#4231);
#4231 = CARTESIAN_POINT('',(71.95,61.5,7.4));
#4232 = CIRCLE('',#4233,1.45);
#4233 = AXIS2_PLACEMENT_3D('',#4234,#4235,#4236);
#4234 = CARTESIAN_POINT('',(70.5,61.5,7.4));
#4235 = DIRECTION('',(0.,0.,1.));
#4236 = DIRECTION('',(1.,0.,-0.));
#4237 = PLANE('',#4238);
#4238 = AXIS2_PLACEMENT_3D('',#4239,#4240,#4241);
#4239 = CARTESIAN_POINT('',(70.5,61.5,7.4));
#4240 = DIRECTION('',(0.,0.,1.));
#4241 = DIRECTION('',(1.,0.,-0.));
#4242 = ADVANCED_FACE('',(#4243),#4262,.F.);
#4243 = FACE_BOUND('',#4244,.F.);
#4244 = EDGE_LOOP('',(#4245,#4246,#4254,#4261));
#4245 = ORIENTED_EDGE('',*,*,#3186,.F.);
#4246 = ORIENTED_EDGE('',*,*,#4247,.F.);
#4247 = EDGE_CURVE('',#4248,#3187,#4250,.T.);
#4248 = VERTEX_POINT('',#4249);
#4249 = CARTESIAN_POINT('',(98.35,7.,2.4));
#4250 = LINE('',#4251,#4252);
#4251 = CARTESIAN_POINT('',(98.35,7.,2.4));
#4252 = VECTOR('',#4253,1.);
#4253 = DIRECTION('',(0.,0.,1.));
#4254 = ORIENTED_EDGE('',*,*,#4255,.T.);
#4255 = EDGE_CURVE('',#4248,#4248,#4256,.T.);
#4256 = CIRCLE('',#4257,1.35);
#4257 = AXIS2_PLACEMENT_3D('',#4258,#4259,#4260);
#4258 = CARTESIAN_POINT('',(97.,7.,2.4));
#4259 = DIRECTION('',(0.,0.,1.));
#4260 = DIRECTION('',(1.,0.,-0.));
#4261 = ORIENTED_EDGE('',*,*,#4247,.T.);
#4262 = CYLINDRICAL_SURFACE('',#4263,1.35);
#4263 = AXIS2_PLACEMENT_3D('',#4264,#4265,#4266);
#4264 = CARTESIAN_POINT('',(97.,7.,2.4));
#4265 = DIRECTION('',(0.,0.,1.));
#4266 = DIRECTION('',(1.,0.,-0.));
#4267 = ADVANCED_FACE('',(#4268),#4280,.T.);
#4268 = FACE_BOUND('',#4269,.T.);
#4269 = EDGE_LOOP('',(#4270,#4271,#4272,#4279));
#4270 = ORIENTED_EDGE('',*,*,#3255,.F.);
#4271 = ORIENTED_EDGE('',*,*,#3270,.T.);
#4272 = ORIENTED_EDGE('',*,*,#4273,.T.);
#4273 = EDGE_CURVE('',#3205,#3644,#4274,.T.);
#4274 = CIRCLE('',#4275,4.);
#4275 = AXIS2_PLACEMENT_3D('',#4276,#4277,#4278);
#4276 = CARTESIAN_POINT('',(100.,72.,34.));
#4277 = DIRECTION('',(0.,0.,1.));
#4278 = DIRECTION('',(1.,0.,-0.));
#4279 = ORIENTED_EDGE('',*,*,#3770,.F.);
#4280 = PLANE('',#4281);
#4281 = AXIS2_PLACEMENT_3D('',#4282,#4283,#4284);
#4282 = CARTESIAN_POINT('',(100.,72.,34.));
#4283 = DIRECTION('',(0.,0.,1.));
#4284 = DIRECTION('',(1.,0.,-0.));
#4285 = ADVANCED_FACE('',(#4286),#4296,.F.);
#4286 = FACE_BOUND('',#4287,.F.);
#4287 = EDGE_LOOP('',(#4288,#4289,#4290));
#4288 = ORIENTED_EDGE('',*,*,#3701,.F.);
#4289 = ORIENTED_EDGE('',*,*,#3426,.T.);
#4290 = ORIENTED_EDGE('',*,*,#4291,.F.);
#4291 = EDGE_CURVE('',#3612,#3419,#4292,.T.);
#4292 = LINE('',#4293,#4294);
#4293 = CARTESIAN_POINT('',(0.,72.,0.));
#4294 = VECTOR('',#4295,1.);
#4295 = DIRECTION('',(1.,0.,-0.));
#4296 = PLANE('',#4297);
#4297 = AXIS2_PLACEMENT_3D('',#4298,#4299,#4300);
#4298 = CARTESIAN_POINT('',(4.,0.,0.));
#4299 = DIRECTION('',(0.,0.,1.));
#4300 = DIRECTION('',(1.,0.,-0.));
#4301 = ADVANCED_FACE('',(#4302),#4320,.F.);
#4302 = FACE_BOUND('',#4303,.F.);
#4303 = EDGE_LOOP('',(#4304,#4305,#4312,#4313));
#4304 = ORIENTED_EDGE('',*,*,#3634,.F.);
#4305 = ORIENTED_EDGE('',*,*,#4306,.F.);
#4306 = EDGE_CURVE('',#3419,#1643,#4307,.T.);
#4307 = CIRCLE('',#4308,4.);
#4308 = AXIS2_PLACEMENT_3D('',#4309,#4310,#4311);
#4309 = CARTESIAN_POINT('',(4.,72.,0.));
#4310 = DIRECTION('',(0.,0.,1.));
#4311 = DIRECTION('',(1.,0.,-0.));
#4312 = ORIENTED_EDGE('',*,*,#3418,.T.);
#4313 = ORIENTED_EDGE('',*,*,#4314,.F.);
#4314 = EDGE_CURVE('',#3635,#3410,#4315,.T.);
#4315 = CIRCLE('',#4316,4.);
#4316 = AXIS2_PLACEMENT_3D('',#4317,#4318,#4319);
#4317 = CARTESIAN_POINT('',(100.,72.,0.));
#4318 = DIRECTION('',(0.,0.,1.));
#4319 = DIRECTION('',(1.,0.,-0.));
#4320 = PLANE('',#4321);
#4321 = AXIS2_PLACEMENT_3D('',#4322,#4323,#4324);
#4322 = CARTESIAN_POINT('',(4.,0.,0.));
#4323 = DIRECTION('',(0.,0.,1.));
#4324 = DIRECTION('',(1.,0.,-0.));
#4325 = ADVANCED_FACE('',(#4326),#4336,.F.);
#4326 = FACE_BOUND('',#4327,.F.);
#4327 = EDGE_LOOP('',(#4328,#4329,#4330));
#4328 = ORIENTED_EDGE('',*,*,#3392,.T.);
#4329 = ORIENTED_EDGE('',*,*,#3540,.T.);
#4330 = ORIENTED_EDGE('',*,*,#4331,.T.);
#4331 = EDGE_CURVE('',#3533,#3393,#4332,.T.);
#4332 = LINE('',#4333,#4334);
#4333 = CARTESIAN_POINT('',(100.,0.,0.));
#4334 = VECTOR('',#4335,1.);
#4335 = DIRECTION('',(-0.,1.,0.));
#4336 = PLANE('',#4337);
#4337 = AXIS2_PLACEMENT_3D('',#4338,#4339,#4340);
#4338 = CARTESIAN_POINT('',(4.,0.,0.));
#4339 = DIRECTION('',(0.,0.,1.));
#4340 = DIRECTION('',(1.,0.,-0.));
#4341 = ADVANCED_FACE('',(#4342),#4359,.F.);
#4342 = FACE_BOUND('',#4343,.F.);
#4343 = EDGE_LOOP('',(#4344,#4352,#4353));
#4344 = ORIENTED_EDGE('',*,*,#4345,.F.);
#4345 = EDGE_CURVE('',#3410,#4346,#4348,.T.);
#4346 = VERTEX_POINT('',#4347);
#4347 = CARTESIAN_POINT('',(100.,72.,0.));
#4348 = LINE('',#4349,#4350);
#4349 = CARTESIAN_POINT('',(0.,72.,0.));
#4350 = VECTOR('',#4351,1.);
#4351 = DIRECTION('',(1.,0.,-0.));
#4352 = ORIENTED_EDGE('',*,*,#3409,.T.);
#4353 = ORIENTED_EDGE('',*,*,#4354,.T.);
#4354 = EDGE_CURVE('',#3402,#4346,#4355,.T.);
#4355 = LINE('',#4356,#4357);
#4356 = CARTESIAN_POINT('',(100.,0.,0.));
#4357 = VECTOR('',#4358,1.);
#4358 = DIRECTION('',(-0.,1.,0.));
#4359 = PLANE('',#4360);
#4360 = AXIS2_PLACEMENT_3D('',#4361,#4362,#4363);
#4361 = CARTESIAN_POINT('',(4.,0.,0.));
#4362 = DIRECTION('',(0.,0.,1.));
#4363 = DIRECTION('',(1.,0.,-0.));
#4364 = ADVANCED_FACE('',(#4365),#4383,.F.);
#4365 = FACE_BOUND('',#4366,.F.);
#4366 = EDGE_LOOP('',(#4367,#4368,#4375,#4376));
#4367 = ORIENTED_EDGE('',*,*,#3555,.T.);
#4368 = ORIENTED_EDGE('',*,*,#4369,.F.);
#4369 = EDGE_CURVE('',#3402,#3556,#4370,.T.);
#4370 = CIRCLE('',#4371,4.);
#4371 = AXIS2_PLACEMENT_3D('',#4372,#4373,#4374);
#4372 = CARTESIAN_POINT('',(100.,72.,0.));
#4373 = DIRECTION('',(0.,0.,1.));
#4374 = DIRECTION('',(1.,0.,-0.));
#4375 = ORIENTED_EDGE('',*,*,#3401,.F.);
#4376 = ORIENTED_EDGE('',*,*,#4377,.F.);
#4377 = EDGE_CURVE('',#1571,#3393,#4378,.T.);
#4378 = CIRCLE('',#4379,4.);
#4379 = AXIS2_PLACEMENT_3D('',#4380,#4381,#4382);
#4380 = CARTESIAN_POINT('',(100.,4.,0.));
#4381 = DIRECTION('',(0.,0.,1.));
#4382 = DIRECTION('',(1.,0.,-0.));
#4383 = PLANE('',#4384);
#4384 = AXIS2_PLACEMENT_3D('',#4385,#4386,#4387);
#4385 = CARTESIAN_POINT('',(0.,4.,0.));
#4386 = DIRECTION('',(0.,0.,1.));
#4387 = DIRECTION('',(1.,0.,-0.));
#4388 = ADVANCED_FACE('',(#4389,#4401),#4412,.F.);
#4389 = FACE_BOUND('',#4390,.F.);
#4390 = EDGE_LOOP('',(#4391,#4392,#4393,#4394));
#4391 = ORIENTED_EDGE('',*,*,#3994,.F.);
#4392 = ORIENTED_EDGE('',*,*,#3452,.T.);
#4393 = ORIENTED_EDGE('',*,*,#3980,.T.);
#4394 = ORIENTED_EDGE('',*,*,#4395,.T.);
#4395 = EDGE_CURVE('',#2176,#2202,#4396,.T.);
#4396 = CIRCLE('',#4397,4.5);
#4397 = AXIS2_PLACEMENT_3D('',#4398,#4399,#4400);
#4398 = CARTESIAN_POINT('',(27.,27.,0.));
#4399 = DIRECTION('',(0.,0.,1.));
#4400 = DIRECTION('',(1.,0.,-0.));
#4401 = FACE_BOUND('',#4402,.F.);
#4402 = EDGE_LOOP('',(#4403));
#4403 = ORIENTED_EDGE('',*,*,#4404,.F.);
#4404 = EDGE_CURVE('',#4405,#4405,#4407,.T.);
#4405 = VERTEX_POINT('',#4406);
#4406 = CARTESIAN_POINT('',(28.7,27.,0.));
#4407 = CIRCLE('',#4408,1.7);
#4408 = AXIS2_PLACEMENT_3D('',#4409,#4410,#4411);
#4409 = CARTESIAN_POINT('',(27.,27.,0.));
#4410 = DIRECTION('',(0.,0.,1.));
#4411 = DIRECTION('',(1.,0.,-0.));
#4412 = PLANE('',#4413);
#4413 = AXIS2_PLACEMENT_3D('',#4414,#4415,#4416);
#4414 = CARTESIAN_POINT('',(4.,0.,0.));
#4415 = DIRECTION('',(0.,0.,1.));
#4416 = DIRECTION('',(1.,0.,-0.));
#4417 = ADVANCED_FACE('',(#4418,#4430),#4441,.F.);
#4418 = FACE_BOUND('',#4419,.F.);
#4419 = EDGE_LOOP('',(#4420,#4421,#4422,#4429));
#4420 = ORIENTED_EDGE('',*,*,#3440,.T.);
#4421 = ORIENTED_EDGE('',*,*,#4101,.F.);
#4422 = ORIENTED_EDGE('',*,*,#4423,.T.);
#4423 = EDGE_CURVE('',#2421,#2447,#4424,.T.);
#4424 = CIRCLE('',#4425,4.5);
#4425 = AXIS2_PLACEMENT_3D('',#4426,#4427,#4428);
#4426 = CARTESIAN_POINT('',(27.,49.,0.));
#4427 = DIRECTION('',(0.,0.,1.));
#4428 = DIRECTION('',(1.,0.,-0.));
#4429 = ORIENTED_EDGE('',*,*,#4087,.T.);
#4430 = FACE_BOUND('',#4431,.F.);
#4431 = EDGE_LOOP('',(#4432));
#4432 = ORIENTED_EDGE('',*,*,#4433,.F.);
#4433 = EDGE_CURVE('',#4434,#4434,#4436,.T.);
#4434 = VERTEX_POINT('',#4435);
#4435 = CARTESIAN_POINT('',(28.7,49.,0.));
#4436 = CIRCLE('',#4437,1.7);
#4437 = AXIS2_PLACEMENT_3D('',#4438,#4439,#4440);
#4438 = CARTESIAN_POINT('',(27.,49.,0.));
#4439 = DIRECTION('',(0.,0.,1.));
#4440 = DIRECTION('',(1.,0.,-0.));
#4441 = PLANE('',#4442);
#4442 = AXIS2_PLACEMENT_3D('',#4443,#4444,#4445);
#4443 = CARTESIAN_POINT('',(4.,0.,0.));
#4444 = DIRECTION('',(0.,0.,1.));
#4445 = DIRECTION('',(1.,0.,-0.));
#4446 = ADVANCED_FACE('',(#4447,#4452),#4463,.F.);
#4447 = FACE_BOUND('',#4448,.F.);
#4448 = EDGE_LOOP('',(#4449,#4450,#4451));
#4449 = ORIENTED_EDGE('',*,*,#4156,.F.);
#4450 = ORIENTED_EDGE('',*,*,#3510,.T.);
#4451 = ORIENTED_EDGE('',*,*,#3501,.T.);
#4452 = FACE_BOUND('',#4453,.F.);
#4453 = EDGE_LOOP('',(#4454));
#4454 = ORIENTED_EDGE('',*,*,#4455,.F.);
#4455 = EDGE_CURVE('',#4456,#4456,#4458,.T.);
#4456 = VERTEX_POINT('',#4457);
#4457 = CARTESIAN_POINT('',(83.7,27.,0.));
#4458 = CIRCLE('',#4459,1.7);
#4459 = AXIS2_PLACEMENT_3D('',#4460,#4461,#4462);
#4460 = CARTESIAN_POINT('',(82.,27.,0.));
#4461 = DIRECTION('',(0.,0.,1.));
#4462 = DIRECTION('',(1.,0.,-0.));
#4463 = PLANE('',#4464);
#4464 = AXIS2_PLACEMENT_3D('',#4465,#4466,#4467);
#4465 = CARTESIAN_POINT('',(4.,0.,0.));
#4466 = DIRECTION('',(0.,0.,1.));
#4467 = DIRECTION('',(1.,0.,-0.));
#4468 = ADVANCED_FACE('',(#4469,#4474),#4485,.F.);
#4469 = FACE_BOUND('',#4470,.F.);
#4470 = EDGE_LOOP('',(#4471,#4472,#4473));
#4471 = ORIENTED_EDGE('',*,*,#4191,.F.);
#4472 = ORIENTED_EDGE('',*,*,#3493,.T.);
#4473 = ORIENTED_EDGE('',*,*,#3484,.T.);
#4474 = FACE_BOUND('',#4475,.F.);
#4475 = EDGE_LOOP('',(#4476));
#4476 = ORIENTED_EDGE('',*,*,#4477,.F.);
#4477 = EDGE_CURVE('',#4478,#4478,#4480,.T.);
#4478 = VERTEX_POINT('',#4479);
#4479 = CARTESIAN_POINT('',(83.7,49.,0.));
#4480 = CIRCLE('',#4481,1.7);
#4481 = AXIS2_PLACEMENT_3D('',#4482,#4483,#4484);
#4482 = CARTESIAN_POINT('',(82.,49.,0.));
#4483 = DIRECTION('',(0.,0.,1.));
#4484 = DIRECTION('',(1.,0.,-0.));
#4485 = PLANE('',#4486);
#4486 = AXIS2_PLACEMENT_3D('',#4487,#4488,#4489);
#4487 = CARTESIAN_POINT('',(4.,0.,0.));
#4488 = DIRECTION('',(0.,0.,1.));
#4489 = DIRECTION('',(1.,0.,-0.));
#4490 = ADVANCED_FACE('',(#4491),#4503,.T.);
#4491 = FACE_BOUND('',#4492,.T.);
#4492 = EDGE_LOOP('',(#4493,#4494,#4495,#4502));
#4493 = ORIENTED_EDGE('',*,*,#4273,.F.);
#4494 = ORIENTED_EDGE('',*,*,#3563,.F.);
#4495 = ORIENTED_EDGE('',*,*,#4496,.T.);
#4496 = EDGE_CURVE('',#3556,#3635,#4497,.T.);
#4497 = CIRCLE('',#4498,4.);
#4498 = AXIS2_PLACEMENT_3D('',#4499,#4500,#4501);
#4499 = CARTESIAN_POINT('',(100.,72.,0.));
#4500 = DIRECTION('',(0.,0.,1.));
#4501 = DIRECTION('',(1.,0.,-0.));
#4502 = ORIENTED_EDGE('',*,*,#3651,.T.);
#4503 = CYLINDRICAL_SURFACE('',#4504,4.);
#4504 = AXIS2_PLACEMENT_3D('',#4505,#4506,#4507);
#4505 = CARTESIAN_POINT('',(100.,72.,0.));
#4506 = DIRECTION('',(0.,0.,1.));
#4507 = DIRECTION('',(1.,0.,-0.));
#4508 = ADVANCED_FACE('',(#4509),#4514,.F.);
#4509 = FACE_BOUND('',#4510,.F.);
#4510 = EDGE_LOOP('',(#4511,#4512,#4513));
#4511 = ORIENTED_EDGE('',*,*,#4377,.T.);
#4512 = ORIENTED_EDGE('',*,*,#4331,.F.);
#4513 = ORIENTED_EDGE('',*,*,#3586,.T.);
#4514 = PLANE('',#4515);
#4515 = AXIS2_PLACEMENT_3D('',#4516,#4517,#4518);
#4516 = CARTESIAN_POINT('',(0.,4.,0.));
#4517 = DIRECTION('',(0.,0.,1.));
#4518 = DIRECTION('',(1.,0.,-0.));
#4519 = ADVANCED_FACE('',(#4520),#4525,.F.);
#4520 = FACE_BOUND('',#4521,.F.);
#4521 = EDGE_LOOP('',(#4522,#4523,#4524));
#4522 = ORIENTED_EDGE('',*,*,#3611,.F.);
#4523 = ORIENTED_EDGE('',*,*,#4291,.T.);
#4524 = ORIENTED_EDGE('',*,*,#4306,.T.);
#4525 = PLANE('',#4526);
#4526 = AXIS2_PLACEMENT_3D('',#4527,#4528,#4529);
#4527 = CARTESIAN_POINT('',(4.,0.,0.));
#4528 = DIRECTION('',(0.,0.,1.));
#4529 = DIRECTION('',(1.,0.,-0.));
#4530 = ADVANCED_FACE('',(#4531),#4534,.T.);
#4531 = FACE_BOUND('',#4532,.F.);
#4532 = EDGE_LOOP('',(#4533));
#4533 = ORIENTED_EDGE('',*,*,#3724,.F.);
#4534 = PLANE('',#4535);
#4535 = AXIS2_PLACEMENT_3D('',#4536,#4537,#4538);
#4536 = CARTESIAN_POINT('',(7.,7.,2.4));
#4537 = DIRECTION('',(0.,0.,1.));
#4538 = DIRECTION('',(1.,0.,-0.));
#4539 = ADVANCED_FACE('',(#4540),#4559,.F.);
#4540 = FACE_BOUND('',#4541,.F.);
#4541 = EDGE_LOOP('',(#4542,#4543,#4551,#4558));
#4542 = ORIENTED_EDGE('',*,*,#3857,.F.);
#4543 = ORIENTED_EDGE('',*,*,#4544,.F.);
#4544 = EDGE_CURVE('',#4545,#3858,#4547,.T.);
#4545 = VERTEX_POINT('',#4546);
#4546 = CARTESIAN_POINT('',(8.35,69.,2.4));
#4547 = LINE('',#4548,#4549);
#4548 = CARTESIAN_POINT('',(8.35,69.,2.4));
#4549 = VECTOR('',#4550,1.);
#4550 = DIRECTION('',(0.,0.,1.));
#4551 = ORIENTED_EDGE('',*,*,#4552,.T.);
#4552 = EDGE_CURVE('',#4545,#4545,#4553,.T.);
#4553 = CIRCLE('',#4554,1.35);
#4554 = AXIS2_PLACEMENT_3D('',#4555,#4556,#4557);
#4555 = CARTESIAN_POINT('',(7.,69.,2.4));
#4556 = DIRECTION('',(0.,0.,1.));
#4557 = DIRECTION('',(1.,0.,-0.));
#4558 = ORIENTED_EDGE('',*,*,#4544,.T.);
#4559 = CYLINDRICAL_SURFACE('',#4560,1.35);
#4560 = AXIS2_PLACEMENT_3D('',#4561,#4562,#4563);
#4561 = CARTESIAN_POINT('',(7.,69.,2.4));
#4562 = DIRECTION('',(0.,0.,1.));
#4563 = DIRECTION('',(1.,0.,-0.));
#4564 = ADVANCED_FACE('',(#4565),#4584,.F.);
#4565 = FACE_BOUND('',#4566,.F.);
#4566 = EDGE_LOOP('',(#4567,#4568,#4576,#4583));
#4567 = ORIENTED_EDGE('',*,*,#3921,.F.);
#4568 = ORIENTED_EDGE('',*,*,#4569,.F.);
#4569 = EDGE_CURVE('',#4570,#3922,#4572,.T.);
#4570 = VERTEX_POINT('',#4571);
#4571 = CARTESIAN_POINT('',(98.35,69.,2.4));
#4572 = LINE('',#4573,#4574);
#4573 = CARTESIAN_POINT('',(98.35,69.,2.4));
#4574 = VECTOR('',#4575,1.);
#4575 = DIRECTION('',(0.,0.,1.));
#4576 = ORIENTED_EDGE('',*,*,#4577,.T.);
#4577 = EDGE_CURVE('',#4570,#4570,#4578,.T.);
#4578 = CIRCLE('',#4579,1.35);
#4579 = AXIS2_PLACEMENT_3D('',#4580,#4581,#4582);
#4580 = CARTESIAN_POINT('',(97.,69.,2.4));
#4581 = DIRECTION('',(0.,0.,1.));
#4582 = DIRECTION('',(1.,0.,-0.));
#4583 = ORIENTED_EDGE('',*,*,#4569,.T.);
#4584 = CYLINDRICAL_SURFACE('',#4585,1.35);
#4585 = AXIS2_PLACEMENT_3D('',#4586,#4587,#4588);
#4586 = CARTESIAN_POINT('',(97.,69.,2.4));
#4587 = DIRECTION('',(0.,0.,1.));
#4588 = DIRECTION('',(1.,0.,-0.));
#4589 = ADVANCED_FACE('',(#4590),#4609,.F.);
#4590 = FACE_BOUND('',#4591,.F.);
#4591 = EDGE_LOOP('',(#4592,#4593,#4601,#4608));
#4592 = ORIENTED_EDGE('',*,*,#3941,.F.);
#4593 = ORIENTED_EDGE('',*,*,#4594,.F.);
#4594 = EDGE_CURVE('',#4595,#3942,#4597,.T.);
#4595 = VERTEX_POINT('',#4596);
#4596 = CARTESIAN_POINT('',(13.95,12.5,1.4));
#4597 = LINE('',#4598,#4599);
#4598 = CARTESIAN_POINT('',(13.95,12.5,1.4));
#4599 = VECTOR('',#4600,1.);
#4600 = DIRECTION('',(0.,0.,1.));
#4601 = ORIENTED_EDGE('',*,*,#4602,.T.);
#4602 = EDGE_CURVE('',#4595,#4595,#4603,.T.);
#4603 = CIRCLE('',#4604,1.45);
#4604 = AXIS2_PLACEMENT_3D('',#4605,#4606,#4607);
#4605 = CARTESIAN_POINT('',(12.5,12.5,1.4));
#4606 = DIRECTION('',(0.,0.,1.));
#4607 = DIRECTION('',(1.,0.,-0.));
#4608 = ORIENTED_EDGE('',*,*,#4594,.T.);
#4609 = CYLINDRICAL_SURFACE('',#4610,1.45);
#4610 = AXIS2_PLACEMENT_3D('',#4611,#4612,#4613);
#4611 = CARTESIAN_POINT('',(12.5,12.5,1.4));
#4612 = DIRECTION('',(0.,0.,1.));
#4613 = DIRECTION('',(1.,0.,-0.));
#4614 = ADVANCED_FACE('',(#4615),#4634,.F.);
#4615 = FACE_BOUND('',#4616,.F.);
#4616 = EDGE_LOOP('',(#4617,#4618,#4626,#4633));
#4617 = ORIENTED_EDGE('',*,*,#3961,.F.);
#4618 = ORIENTED_EDGE('',*,*,#4619,.F.);
#4619 = EDGE_CURVE('',#4620,#3962,#4622,.T.);
#4620 = VERTEX_POINT('',#4621);
#4621 = CARTESIAN_POINT('',(71.95,12.5,1.4));
#4622 = LINE('',#4623,#4624);
#4623 = CARTESIAN_POINT('',(71.95,12.5,1.4));
#4624 = VECTOR('',#4625,1.);
#4625 = DIRECTION('',(0.,0.,1.));
#4626 = ORIENTED_EDGE('',*,*,#4627,.T.);
#4627 = EDGE_CURVE('',#4620,#4620,#4628,.T.);
#4628 = CIRCLE('',#4629,1.45);
#4629 = AXIS2_PLACEMENT_3D('',#4630,#4631,#4632);
#4630 = CARTESIAN_POINT('',(70.5,12.5,1.4));
#4631 = DIRECTION('',(0.,0.,1.));
#4632 = DIRECTION('',(1.,0.,-0.));
#4633 = ORIENTED_EDGE('',*,*,#4619,.T.);
#4634 = CYLINDRICAL_SURFACE('',#4635,1.45);
#4635 = AXIS2_PLACEMENT_3D('',#4636,#4637,#4638);
#4636 = CARTESIAN_POINT('',(70.5,12.5,1.4));
#4637 = DIRECTION('',(0.,0.,1.));
#4638 = DIRECTION('',(1.,0.,-0.));
#4639 = ADVANCED_FACE('',(#4640),#4646,.F.);
#4640 = FACE_BOUND('',#4641,.F.);
#4641 = EDGE_LOOP('',(#4642,#4643,#4644,#4645));
#4642 = ORIENTED_EDGE('',*,*,#4423,.F.);
#4643 = ORIENTED_EDGE('',*,*,#4010,.F.);
#4644 = ORIENTED_EDGE('',*,*,#4395,.F.);
#4645 = ORIENTED_EDGE('',*,*,#4049,.T.);
#4646 = PLANE('',#4647);
#4647 = AXIS2_PLACEMENT_3D('',#4648,#4649,#4650);
#4648 = CARTESIAN_POINT('',(4.,0.,0.));
#4649 = DIRECTION('',(0.,0.,1.));
#4650 = DIRECTION('',(1.,0.,-0.));
#4651 = ADVANCED_FACE('',(#4652),#4671,.F.);
#4652 = FACE_BOUND('',#4653,.F.);
#4653 = EDGE_LOOP('',(#4654,#4655,#4663,#4670));
#4654 = ORIENTED_EDGE('',*,*,#4068,.F.);
#4655 = ORIENTED_EDGE('',*,*,#4656,.F.);
#4656 = EDGE_CURVE('',#4657,#4069,#4659,.T.);
#4657 = VERTEX_POINT('',#4658);
#4658 = CARTESIAN_POINT('',(28.7,27.,2.3));
#4659 = LINE('',#4660,#4661);
#4660 = CARTESIAN_POINT('',(28.7,27.,2.3));
#4661 = VECTOR('',#4662,1.);
#4662 = DIRECTION('',(0.707106781187,-1.731912112471E-16,0.707106781187)
  );
#4663 = ORIENTED_EDGE('',*,*,#4664,.T.);
#4664 = EDGE_CURVE('',#4657,#4657,#4665,.T.);
#4665 = CIRCLE('',#4666,1.7);
#4666 = AXIS2_PLACEMENT_3D('',#4667,#4668,#4669);
#4667 = CARTESIAN_POINT('',(27.,27.,2.3));
#4668 = DIRECTION('',(0.,0.,1.));
#4669 = DIRECTION('',(1.,0.,-0.));
#4670 = ORIENTED_EDGE('',*,*,#4656,.T.);
#4671 = CONICAL_SURFACE('',#4672,1.7,0.785398163397);
#4672 = AXIS2_PLACEMENT_3D('',#4673,#4674,#4675);
#4673 = CARTESIAN_POINT('',(27.,27.,2.3));
#4674 = DIRECTION('',(0.,0.,1.));
#4675 = DIRECTION('',(1.,0.,-0.));
#4676 = ADVANCED_FACE('',(#4677),#4696,.F.);
#4677 = FACE_BOUND('',#4678,.F.);
#4678 = EDGE_LOOP('',(#4679,#4680,#4688,#4695));
#4679 = ORIENTED_EDGE('',*,*,#4119,.F.);
#4680 = ORIENTED_EDGE('',*,*,#4681,.F.);
#4681 = EDGE_CURVE('',#4682,#4120,#4684,.T.);
#4682 = VERTEX_POINT('',#4683);
#4683 = CARTESIAN_POINT('',(28.7,49.,2.3));
#4684 = LINE('',#4685,#4686);
#4685 = CARTESIAN_POINT('',(28.7,49.,2.3));
#4686 = VECTOR('',#4687,1.);
#4687 = DIRECTION('',(0.707106781187,-1.731912112471E-16,0.707106781187)
  );
#4688 = ORIENTED_EDGE('',*,*,#4689,.T.);
#4689 = EDGE_CURVE('',#4682,#4682,#4690,.T.);
#4690 = CIRCLE('',#4691,1.7);
#4691 = AXIS2_PLACEMENT_3D('',#4692,#4693,#4694);
#4692 = CARTESIAN_POINT('',(27.,49.,2.3));
#4693 = DIRECTION('',(0.,0.,1.));
#4694 = DIRECTION('',(1.,0.,-0.));
#4695 = ORIENTED_EDGE('',*,*,#4681,.T.);
#4696 = CONICAL_SURFACE('',#4697,1.7,0.785398163397);
#4697 = AXIS2_PLACEMENT_3D('',#4698,#4699,#4700);
#4698 = CARTESIAN_POINT('',(27.,49.,2.3));
#4699 = DIRECTION('',(0.,0.,1.));
#4700 = DIRECTION('',(1.,0.,-0.));
#4701 = ADVANCED_FACE('',(#4702),#4721,.F.);
#4702 = FACE_BOUND('',#4703,.F.);
#4703 = EDGE_LOOP('',(#4704,#4705,#4713,#4720));
#4704 = ORIENTED_EDGE('',*,*,#4139,.F.);
#4705 = ORIENTED_EDGE('',*,*,#4706,.F.);
#4706 = EDGE_CURVE('',#4707,#4140,#4709,.T.);
#4707 = VERTEX_POINT('',#4708);
#4708 = CARTESIAN_POINT('',(13.95,61.5,1.4));
#4709 = LINE('',#4710,#4711);
#4710 = CARTESIAN_POINT('',(13.95,61.5,1.4));
#4711 = VECTOR('',#4712,1.);
#4712 = DIRECTION('',(0.,0.,1.));
#4713 = ORIENTED_EDGE('',*,*,#4714,.T.);
#4714 = EDGE_CURVE('',#4707,#4707,#4715,.T.);
#4715 = CIRCLE('',#4716,1.45);
#4716 = AXIS2_PLACEMENT_3D('',#4717,#4718,#4719);
#4717 = CARTESIAN_POINT('',(12.5,61.5,1.4));
#4718 = DIRECTION('',(0.,0.,1.));
#4719 = DIRECTION('',(1.,0.,-0.));
#4720 = ORIENTED_EDGE('',*,*,#4706,.T.);
#4721 = CYLINDRICAL_SURFACE('',#4722,1.45);
#4722 = AXIS2_PLACEMENT_3D('',#4723,#4724,#4725);
#4723 = CARTESIAN_POINT('',(12.5,61.5,1.4));
#4724 = DIRECTION('',(0.,0.,1.));
#4725 = DIRECTION('',(1.,0.,-0.));
#4726 = ADVANCED_FACE('',(#4727),#4746,.F.);
#4727 = FACE_BOUND('',#4728,.F.);
#4728 = EDGE_LOOP('',(#4729,#4730,#4738,#4745));
#4729 = ORIENTED_EDGE('',*,*,#4174,.F.);
#4730 = ORIENTED_EDGE('',*,*,#4731,.F.);
#4731 = EDGE_CURVE('',#4732,#4175,#4734,.T.);
#4732 = VERTEX_POINT('',#4733);
#4733 = CARTESIAN_POINT('',(83.7,27.,2.3));
#4734 = LINE('',#4735,#4736);
#4735 = CARTESIAN_POINT('',(83.7,27.,2.3));
#4736 = VECTOR('',#4737,1.);
#4737 = DIRECTION('',(0.707106781187,-1.731912112471E-16,0.707106781187)
  );
#4738 = ORIENTED_EDGE('',*,*,#4739,.T.);
#4739 = EDGE_CURVE('',#4732,#4732,#4740,.T.);
#4740 = CIRCLE('',#4741,1.7);
#4741 = AXIS2_PLACEMENT_3D('',#4742,#4743,#4744);
#4742 = CARTESIAN_POINT('',(82.,27.,2.3));
#4743 = DIRECTION('',(0.,0.,1.));
#4744 = DIRECTION('',(1.,0.,-0.));
#4745 = ORIENTED_EDGE('',*,*,#4731,.T.);
#4746 = CONICAL_SURFACE('',#4747,1.7,0.785398163397);
#4747 = AXIS2_PLACEMENT_3D('',#4748,#4749,#4750);
#4748 = CARTESIAN_POINT('',(82.,27.,2.3));
#4749 = DIRECTION('',(0.,0.,1.));
#4750 = DIRECTION('',(1.,0.,-0.));
#4751 = ADVANCED_FACE('',(#4752),#4771,.F.);
#4752 = FACE_BOUND('',#4753,.F.);
#4753 = EDGE_LOOP('',(#4754,#4755,#4763,#4770));
#4754 = ORIENTED_EDGE('',*,*,#4209,.F.);
#4755 = ORIENTED_EDGE('',*,*,#4756,.F.);
#4756 = EDGE_CURVE('',#4757,#4210,#4759,.T.);
#4757 = VERTEX_POINT('',#4758);
#4758 = CARTESIAN_POINT('',(83.7,49.,2.3));
#4759 = LINE('',#4760,#4761);
#4760 = CARTESIAN_POINT('',(83.7,49.,2.3));
#4761 = VECTOR('',#4762,1.);
#4762 = DIRECTION('',(0.707106781187,-1.731912112471E-16,0.707106781187)
  );
#4763 = ORIENTED_EDGE('',*,*,#4764,.T.);
#4764 = EDGE_CURVE('',#4757,#4757,#4765,.T.);
#4765 = CIRCLE('',#4766,1.7);
#4766 = AXIS2_PLACEMENT_3D('',#4767,#4768,#4769);
#4767 = CARTESIAN_POINT('',(82.,49.,2.3));
#4768 = DIRECTION('',(0.,0.,1.));
#4769 = DIRECTION('',(1.,0.,-0.));
#4770 = ORIENTED_EDGE('',*,*,#4756,.T.);
#4771 = CONICAL_SURFACE('',#4772,1.7,0.785398163397);
#4772 = AXIS2_PLACEMENT_3D('',#4773,#4774,#4775);
#4773 = CARTESIAN_POINT('',(82.,49.,2.3));
#4774 = DIRECTION('',(0.,0.,1.));
#4775 = DIRECTION('',(1.,0.,-0.));
#4776 = ADVANCED_FACE('',(#4777),#4796,.F.);
#4777 = FACE_BOUND('',#4778,.F.);
#4778 = EDGE_LOOP('',(#4779,#4780,#4788,#4795));
#4779 = ORIENTED_EDGE('',*,*,#4229,.F.);
#4780 = ORIENTED_EDGE('',*,*,#4781,.F.);
#4781 = EDGE_CURVE('',#4782,#4230,#4784,.T.);
#4782 = VERTEX_POINT('',#4783);
#4783 = CARTESIAN_POINT('',(71.95,61.5,1.4));
#4784 = LINE('',#4785,#4786);
#4785 = CARTESIAN_POINT('',(71.95,61.5,1.4));
#4786 = VECTOR('',#4787,1.);
#4787 = DIRECTION('',(0.,0.,1.));
#4788 = ORIENTED_EDGE('',*,*,#4789,.T.);
#4789 = EDGE_CURVE('',#4782,#4782,#4790,.T.);
#4790 = CIRCLE('',#4791,1.45);
#4791 = AXIS2_PLACEMENT_3D('',#4792,#4793,#4794);
#4792 = CARTESIAN_POINT('',(70.5,61.5,1.4));
#4793 = DIRECTION('',(0.,0.,1.));
#4794 = DIRECTION('',(1.,0.,-0.));
#4795 = ORIENTED_EDGE('',*,*,#4781,.T.);
#4796 = CYLINDRICAL_SURFACE('',#4797,1.45);
#4797 = AXIS2_PLACEMENT_3D('',#4798,#4799,#4800);
#4798 = CARTESIAN_POINT('',(70.5,61.5,1.4));
#4799 = DIRECTION('',(0.,0.,1.));
#4800 = DIRECTION('',(1.,0.,-0.));
#4801 = ADVANCED_FACE('',(#4802),#4805,.T.);
#4802 = FACE_BOUND('',#4803,.F.);
#4803 = EDGE_LOOP('',(#4804));
#4804 = ORIENTED_EDGE('',*,*,#4255,.F.);
#4805 = PLANE('',#4806);
#4806 = AXIS2_PLACEMENT_3D('',#4807,#4808,#4809);
#4807 = CARTESIAN_POINT('',(97.,7.,2.4));
#4808 = DIRECTION('',(0.,0.,1.));
#4809 = DIRECTION('',(1.,0.,-0.));
#4810 = ADVANCED_FACE('',(#4811),#4821,.F.);
#4811 = FACE_BOUND('',#4812,.F.);
#4812 = EDGE_LOOP('',(#4813,#4819,#4820));
#4813 = ORIENTED_EDGE('',*,*,#4814,.T.);
#4814 = EDGE_CURVE('',#4346,#3635,#4815,.T.);
#4815 = LINE('',#4816,#4817);
#4816 = CARTESIAN_POINT('',(100.,0.,0.));
#4817 = VECTOR('',#4818,1.);
#4818 = DIRECTION('',(-0.,1.,0.));
#4819 = ORIENTED_EDGE('',*,*,#4314,.T.);
#4820 = ORIENTED_EDGE('',*,*,#4345,.T.);
#4821 = PLANE('',#4822);
#4822 = AXIS2_PLACEMENT_3D('',#4823,#4824,#4825);
#4823 = CARTESIAN_POINT('',(4.,0.,0.));
#4824 = DIRECTION('',(0.,0.,1.));
#4825 = DIRECTION('',(1.,0.,-0.));
#4826 = ADVANCED_FACE('',(#4827),#4837,.F.);
#4827 = FACE_BOUND('',#4828,.F.);
#4828 = EDGE_LOOP('',(#4829,#4835,#4836));
#4829 = ORIENTED_EDGE('',*,*,#4830,.F.);
#4830 = EDGE_CURVE('',#4346,#3556,#4831,.T.);
#4831 = LINE('',#4832,#4833);
#4832 = CARTESIAN_POINT('',(0.,72.,0.));
#4833 = VECTOR('',#4834,1.);
#4834 = DIRECTION('',(1.,0.,-0.));
#4835 = ORIENTED_EDGE('',*,*,#4354,.F.);
#4836 = ORIENTED_EDGE('',*,*,#4369,.T.);
#4837 = PLANE('',#4838);
#4838 = AXIS2_PLACEMENT_3D('',#4839,#4840,#4841);
#4839 = CARTESIAN_POINT('',(0.,4.,0.));
#4840 = DIRECTION('',(0.,0.,1.));
#4841 = DIRECTION('',(1.,0.,-0.));
#4842 = ADVANCED_FACE('',(#4843),#4854,.F.);
#4843 = FACE_BOUND('',#4844,.F.);
#4844 = EDGE_LOOP('',(#4845,#4846,#4852,#4853));
#4845 = ORIENTED_EDGE('',*,*,#4664,.F.);
#4846 = ORIENTED_EDGE('',*,*,#4847,.F.);
#4847 = EDGE_CURVE('',#4405,#4657,#4848,.T.);
#4848 = LINE('',#4849,#4850);
#4849 = CARTESIAN_POINT('',(28.7,27.,-1.));
#4850 = VECTOR('',#4851,1.);
#4851 = DIRECTION('',(0.,0.,1.));
#4852 = ORIENTED_EDGE('',*,*,#4404,.T.);
#4853 = ORIENTED_EDGE('',*,*,#4847,.T.);
#4854 = CYLINDRICAL_SURFACE('',#4855,1.7);
#4855 = AXIS2_PLACEMENT_3D('',#4856,#4857,#4858);
#4856 = CARTESIAN_POINT('',(27.,27.,-1.));
#4857 = DIRECTION('',(0.,0.,1.));
#4858 = DIRECTION('',(1.,0.,-0.));
#4859 = ADVANCED_FACE('',(#4860),#4871,.F.);
#4860 = FACE_BOUND('',#4861,.F.);
#4861 = EDGE_LOOP('',(#4862,#4863,#4869,#4870));
#4862 = ORIENTED_EDGE('',*,*,#4689,.F.);
#4863 = ORIENTED_EDGE('',*,*,#4864,.F.);
#4864 = EDGE_CURVE('',#4434,#4682,#4865,.T.);
#4865 = LINE('',#4866,#4867);
#4866 = CARTESIAN_POINT('',(28.7,49.,-1.));
#4867 = VECTOR('',#4868,1.);
#4868 = DIRECTION('',(0.,0.,1.));
#4869 = ORIENTED_EDGE('',*,*,#4433,.T.);
#4870 = ORIENTED_EDGE('',*,*,#4864,.T.);
#4871 = CYLINDRICAL_SURFACE('',#4872,1.7);
#4872 = AXIS2_PLACEMENT_3D('',#4873,#4874,#4875);
#4873 = CARTESIAN_POINT('',(27.,49.,-1.));
#4874 = DIRECTION('',(0.,0.,1.));
#4875 = DIRECTION('',(1.,0.,-0.));
#4876 = ADVANCED_FACE('',(#4877),#4888,.F.);
#4877 = FACE_BOUND('',#4878,.F.);
#4878 = EDGE_LOOP('',(#4879,#4880,#4886,#4887));
#4879 = ORIENTED_EDGE('',*,*,#4739,.F.);
#4880 = ORIENTED_EDGE('',*,*,#4881,.F.);
#4881 = EDGE_CURVE('',#4456,#4732,#4882,.T.);
#4882 = LINE('',#4883,#4884);
#4883 = CARTESIAN_POINT('',(83.7,27.,-1.));
#4884 = VECTOR('',#4885,1.);
#4885 = DIRECTION('',(0.,0.,1.));
#4886 = ORIENTED_EDGE('',*,*,#4455,.T.);
#4887 = ORIENTED_EDGE('',*,*,#4881,.T.);
#4888 = CYLINDRICAL_SURFACE('',#4889,1.7);
#4889 = AXIS2_PLACEMENT_3D('',#4890,#4891,#4892);
#4890 = CARTESIAN_POINT('',(82.,27.,-1.));
#4891 = DIRECTION('',(0.,0.,1.));
#4892 = DIRECTION('',(1.,0.,-0.));
#4893 = ADVANCED_FACE('',(#4894),#4905,.F.);
#4894 = FACE_BOUND('',#4895,.F.);
#4895 = EDGE_LOOP('',(#4896,#4897,#4903,#4904));
#4896 = ORIENTED_EDGE('',*,*,#4764,.F.);
#4897 = ORIENTED_EDGE('',*,*,#4898,.F.);
#4898 = EDGE_CURVE('',#4478,#4757,#4899,.T.);
#4899 = LINE('',#4900,#4901);
#4900 = CARTESIAN_POINT('',(83.7,49.,-1.));
#4901 = VECTOR('',#4902,1.);
#4902 = DIRECTION('',(0.,0.,1.));
#4903 = ORIENTED_EDGE('',*,*,#4477,.T.);
#4904 = ORIENTED_EDGE('',*,*,#4898,.T.);
#4905 = CYLINDRICAL_SURFACE('',#4906,1.7);
#4906 = AXIS2_PLACEMENT_3D('',#4907,#4908,#4909);
#4907 = CARTESIAN_POINT('',(82.,49.,-1.));
#4908 = DIRECTION('',(0.,0.,1.));
#4909 = DIRECTION('',(1.,0.,-0.));
#4910 = ADVANCED_FACE('',(#4911),#4916,.F.);
#4911 = FACE_BOUND('',#4912,.F.);
#4912 = EDGE_LOOP('',(#4913,#4914,#4915));
#4913 = ORIENTED_EDGE('',*,*,#4830,.T.);
#4914 = ORIENTED_EDGE('',*,*,#4496,.T.);
#4915 = ORIENTED_EDGE('',*,*,#4814,.F.);
#4916 = PLANE('',#4917);
#4917 = AXIS2_PLACEMENT_3D('',#4918,#4919,#4920);
#4918 = CARTESIAN_POINT('',(100.,72.,0.));
#4919 = DIRECTION('',(0.,0.,1.));
#4920 = DIRECTION('',(1.,0.,-0.));
#4921 = ADVANCED_FACE('',(#4922),#4925,.T.);
#4922 = FACE_BOUND('',#4923,.F.);
#4923 = EDGE_LOOP('',(#4924));
#4924 = ORIENTED_EDGE('',*,*,#4552,.F.);
#4925 = PLANE('',#4926);
#4926 = AXIS2_PLACEMENT_3D('',#4927,#4928,#4929);
#4927 = CARTESIAN_POINT('',(7.,69.,2.4));
#4928 = DIRECTION('',(0.,0.,1.));
#4929 = DIRECTION('',(1.,0.,-0.));
#4930 = ADVANCED_FACE('',(#4931),#4934,.T.);
#4931 = FACE_BOUND('',#4932,.F.);
#4932 = EDGE_LOOP('',(#4933));
#4933 = ORIENTED_EDGE('',*,*,#4577,.F.);
#4934 = PLANE('',#4935);
#4935 = AXIS2_PLACEMENT_3D('',#4936,#4937,#4938);
#4936 = CARTESIAN_POINT('',(97.,69.,2.4));
#4937 = DIRECTION('',(0.,0.,1.));
#4938 = DIRECTION('',(1.,0.,-0.));
#4939 = ADVANCED_FACE('',(#4940),#4943,.T.);
#4940 = FACE_BOUND('',#4941,.F.);
#4941 = EDGE_LOOP('',(#4942));
#4942 = ORIENTED_EDGE('',*,*,#4602,.F.);
#4943 = PLANE('',#4944);
#4944 = AXIS2_PLACEMENT_3D('',#4945,#4946,#4947);
#4945 = CARTESIAN_POINT('',(12.5,12.5,1.4));
#4946 = DIRECTION('',(0.,0.,1.));
#4947 = DIRECTION('',(1.,0.,-0.));
#4948 = ADVANCED_FACE('',(#4949),#4952,.T.);
#4949 = FACE_BOUND('',#4950,.F.);
#4950 = EDGE_LOOP('',(#4951));
#4951 = ORIENTED_EDGE('',*,*,#4627,.F.);
#4952 = PLANE('',#4953);
#4953 = AXIS2_PLACEMENT_3D('',#4954,#4955,#4956);
#4954 = CARTESIAN_POINT('',(70.5,12.5,1.4));
#4955 = DIRECTION('',(0.,0.,1.));
#4956 = DIRECTION('',(1.,0.,-0.));
#4957 = ADVANCED_FACE('',(#4958),#4961,.T.);
#4958 = FACE_BOUND('',#4959,.F.);
#4959 = EDGE_LOOP('',(#4960));
#4960 = ORIENTED_EDGE('',*,*,#4714,.F.);
#4961 = PLANE('',#4962);
#4962 = AXIS2_PLACEMENT_3D('',#4963,#4964,#4965);
#4963 = CARTESIAN_POINT('',(12.5,61.5,1.4));
#4964 = DIRECTION('',(0.,0.,1.));
#4965 = DIRECTION('',(1.,0.,-0.));
#4966 = ADVANCED_FACE('',(#4967),#4970,.T.);
#4967 = FACE_BOUND('',#4968,.F.);
#4968 = EDGE_LOOP('',(#4969));
#4969 = ORIENTED_EDGE('',*,*,#4789,.F.);
#4970 = PLANE('',#4971);
#4971 = AXIS2_PLACEMENT_3D('',#4972,#4973,#4974);
#4972 = CARTESIAN_POINT('',(70.5,61.5,1.4));
#4973 = DIRECTION('',(0.,0.,1.));
#4974 = DIRECTION('',(1.,0.,-0.));
#4975 = ( GEOMETRIC_REPRESENTATION_CONTEXT(3)
GLOBAL_UNCERTAINTY_ASSIGNED_CONTEXT((#4979))
GLOBAL_UNIT_ASSIGNED_CONTEXT((#4976,#4977,#4978)) REPRESENTATION_CONTEXT
('Context #1','3D Context with UNIT and UNCERTAINTY') );
#4976 = ( LENGTH_UNIT() NAMED_UNIT(*) SI_UNIT(.MILLI.,.METRE.) );
#4977 = ( NAMED_UNIT(*) PLANE_ANGLE_UNIT() SI_UNIT($,.RADIAN.) );
#4978 = ( NAMED_UNIT(*) SI_UNIT($,.STERADIAN.) SOLID_ANGLE_UNIT() );
#4979 = UNCERTAINTY_MEASURE_WITH_UNIT(LENGTH_MEASURE(1.E-07),#4976,
  'distance_accuracy_value','confusion accuracy');
#4980 = PRODUCT_RELATED_PRODUCT_CATEGORY('part',$,(#7));
ENDSEC;
END-ISO-10303-21;
